qemu-system-x86_64: failed to open module: libsndio.so.7: cannot open shared object file: No such file or directory
CPU Reset (CPU 0)
EAX=00000000 EBX=00000000 ECX=00000000 EDX=00060fb1
ESI=00000000 EDI=00000000 EBP=00000000 ESP=00000000
EIP=0000fff0 EFL=00000002 [-------] CPL=0 II=0 A20=1 SMM=0 HLT=0
ES =0000 00000000 0000ffff 00009300
CS =f000 ffff0000 0000ffff 00009b00
SS =0000 00000000 0000ffff 00009300
DS =0000 00000000 0000ffff 00009300
FS =0000 00000000 0000ffff 00009300
GS =0000 00000000 0000ffff 00009300
LDT=0000 00000000 0000ffff 00008200
TR =0000 00000000 0000ffff 00008b00
GDT=     00000000 0000ffff
IDT=     00000000 0000ffff
CR0=60000010 CR2=00000000 CR3=00000000 CR4=00000000
DR0=0000000000000000 DR1=0000000000000000 DR2=0000000000000000 DR3=0000000000000000 
DR6=00000000ffff0ff0 DR7=0000000000000400
CCS=00000000 CCD=00000000 CCO=EFLAGS
EFER=0000000000000000
FCW=037f FSW=0000 [ST=0] FTW=00 MXCSR=00001f80
FPR0=0000000000000000 0000 FPR1=0000000000000000 0000
FPR2=0000000000000000 0000 FPR3=0000000000000000 0000
FPR4=0000000000000000 0000 FPR5=0000000000000000 0000
FPR6=0000000000000000 0000 FPR7=0000000000000000 0000
XMM00=0000000000000000 0000000000000000 XMM01=0000000000000000 0000000000000000
XMM02=0000000000000000 0000000000000000 XMM03=0000000000000000 0000000000000000
XMM04=0000000000000000 0000000000000000 XMM05=0000000000000000 0000000000000000
XMM06=0000000000000000 0000000000000000 XMM07=0000000000000000 0000000000000000
CPU Reset (CPU 0)
EAX=00000000 EBX=00000000 ECX=00000000 EDX=00060fb1
ESI=00000000 EDI=00000000 EBP=00000000 ESP=00000000
EIP=0000fff0 EFL=00000002 [-------] CPL=0 II=0 A20=1 SMM=0 HLT=0
ES =0000 00000000 0000ffff 00009300
CS =f000 ffff0000 0000ffff 00009b00
SS =0000 00000000 0000ffff 00009300
DS =0000 00000000 0000ffff 00009300
FS =0000 00000000 0000ffff 00009300
GS =0000 00000000 0000ffff 00009300
LDT=0000 00000000 0000ffff 00008200
TR =0000 00000000 0000ffff 00008b00
GDT=     00000000 0000ffff
IDT=     00000000 0000ffff
CR0=60000010 CR2=00000000 CR3=00000000 CR4=00000000
DR0=0000000000000000 DR1=0000000000000000 DR2=0000000000000000 DR3=0000000000000000 
DR6=00000000ffff0ff0 DR7=0000000000000400
CCS=00000000 CCD=00000000 CCO=EFLAGS
EFER=0000000000000000
FCW=037f FSW=0000 [ST=0] FTW=00 MXCSR=00001f80
FPR0=0000000000000000 0000 FPR1=0000000000000000 0000
FPR2=0000000000000000 0000 FPR3=0000000000000000 0000
FPR4=0000000000000000 0000 FPR5=0000000000000000 0000
FPR6=0000000000000000 0000 FPR7=0000000000000000 0000
XMM00=0000000000000000 0000000000000000 XMM01=0000000000000000 0000000000000000
XMM02=0000000000000000 0000000000000000 XMM03=0000000000000000 0000000000000000
XMM04=0000000000000000 0000000000000000 XMM05=0000000000000000 0000000000000000
XMM06=0000000000000000 0000000000000000 XMM07=0000000000000000 0000000000000000
VNC server running on ::1:5900
SMM: enter
EAX=00000000 EBX=00000000 ECX=02000000 EDX=02000628
ESI=0000000b EDI=02000000 EBP=06fed190 ESP=00006d54
EIP=000f055d EFL=00000046 [---Z-P-] CPL=0 II=0 A20=1 SMM=0 HLT=0
ES =0010 00000000 ffffffff 00cf9300 DPL=0 DS   [-WA]
CS =0008 00000000 ffffffff 00cf9b00 DPL=0 CS32 [-RA]
SS =0010 00000000 ffffffff 00cf9300 DPL=0 DS   [-WA]
DS =0010 00000000 ffffffff 00cf9300 DPL=0 DS   [-WA]
FS =0010 00000000 ffffffff 00cf9300 DPL=0 DS   [-WA]
GS =0010 00000000 ffffffff 00cf9300 DPL=0 DS   [-WA]
LDT=0000 00000000 0000ffff 00008200 DPL=0 LDT
TR =0000 00000000 0000ffff 00008b00 DPL=0 TSS32-busy
GDT=     000f7420 00000037
IDT=     000f745e 00000000
CR0=00000011 CR2=00000000 CR3=00000000 CR4=00000000
DR0=0000000000000000 DR1=0000000000000000 DR2=0000000000000000 DR3=0000000000000000 
DR6=00000000ffff0ff0 DR7=0000000000000400
CCS=00000044 CCD=ffffffff CCO=EFLAGS
EFER=0000000000000000
SMM: after RSM
EAX=00000000 EBX=00000000 ECX=02000000 EDX=02000628
ESI=0000000b EDI=02000000 EBP=06fed190 ESP=00006d54
EIP=000f055d EFL=00000046 [---Z-P-] CPL=0 II=0 A20=1 SMM=0 HLT=0
ES =0010 00000000 ffffffff 00c09300 DPL=0 DS   [-WA]
CS =0008 00000000 ffffffff 00c09b00 DPL=0 CS32 [-RA]
SS =0010 00000000 ffffffff 00c09300 DPL=0 DS   [-WA]
DS =0010 00000000 ffffffff 00c09300 DPL=0 DS   [-WA]
FS =0010 00000000 ffffffff 00c09300 DPL=0 DS   [-WA]
GS =0010 00000000 ffffffff 00c09300 DPL=0 DS   [-WA]
LDT=0000 00000000 0000ffff 00008200 DPL=0 LDT
TR =0000 00000000 0000ffff 00008b00 DPL=0 TSS32-busy
GDT=     000f7420 00000037
IDT=     000f745e 00000000
CR0=00000011 CR2=00000000 CR3=00000000 CR4=00000000
DR0=0000000000000000 DR1=0000000000000000 DR2=0000000000000000 DR3=0000000000000000 
DR6=00000000ffff0ff0 DR7=0000000000000400
CCS=00000044 CCD=00000000 CCO=EFLAGS
EFER=0000000000000000
Servicing hardware INT=0x08
SMM: enter
EAX=000000b5 EBX=000f86ac ECX=00001234 EDX=00006cff
ESI=00006cc8 EDI=06fff761 EBP=00006c88 ESP=00006c88
EIP=000086a9 EFL=00000006 [-----P-] CPL=0 II=0 A20=1 SMM=0 HLT=0
ES =de80 000de800 ffffffff 008f9300
CS =f000 000f0000 ffffffff 008f9b00
SS =0000 00000000 ffffffff 008f9300
DS =0000 00000000 ffffffff 008f9300
FS =0000 00000000 ffffffff 008f9300
GS =0000 00000000 ffffffff 008f9300
LDT=0000 00000000 0000ffff 00008200
TR =0000 00000000 0000ffff 00008b00
GDT=     00000000 00000000
IDT=     00000000 000003ff
CR0=00000010 CR2=00000000 CR3=00000000 CR4=00000000
DR0=0000000000000000 DR1=0000000000000000 DR2=0000000000000000 DR3=0000000000000000 
DR6=00000000ffff0ff0 DR7=0000000000000400
CCS=00000000 CCD=00006c88 CCO=ADDL
EFER=0000000000000000
SMM: after RSM
EAX=000000b5 EBX=000f86ac ECX=00001234 EDX=00006cff
ESI=00006cc8 EDI=06fff761 EBP=00006c88 ESP=00006c88
EIP=000f86ac EFL=00000046 [---Z-P-] CPL=0 II=0 A20=1 SMM=0 HLT=0
ES =0010 00000000 ffffffff 00c09300 DPL=0 DS   [-WA]
CS =0008 00000000 ffffffff 00c09b00 DPL=0 CS32 [-RA]
SS =0010 00000000 ffffffff 00c09300 DPL=0 DS   [-WA]
DS =0010 00000000 ffffffff 00c09300 DPL=0 DS   [-WA]
FS =0010 00000000 ffffffff 00c09300 DPL=0 DS   [-WA]
GS =0010 00000000 ffffffff 00c09300 DPL=0 DS   [-WA]
LDT=0000 00000000 0000ffff 00008200 DPL=0 LDT
TR =0000 00000000 0000ffff 00008b00 DPL=0 TSS32-busy
GDT=     000f7420 00000037
IDT=     000f745e 00000000
CR0=00000011 CR2=00000000 CR3=00000000 CR4=00000000
DR0=0000000000000000 DR1=0000000000000000 DR2=0000000000000000 DR3=0000000000000000 
DR6=00000000ffff0ff0 DR7=0000000000000400
CCS=00000044 CCD=00000000 CCO=EFLAGS
EFER=0000000000000000
SMM: enter
EAX=000000b5 EBX=000086c6 ECX=00005678 EDX=06fffe68
ESI=000ed6e0 EDI=06fff761 EBP=00006c88 ESP=00006c88
EIP=000f86c3 EFL=00000016 [----AP-] CPL=0 II=0 A20=1 SMM=0 HLT=0
ES =0010 00000000 ffffffff 00c09300 DPL=0 DS   [-WA]
CS =0008 00000000 ffffffff 00c09b00 DPL=0 CS32 [-RA]
SS =0010 00000000 ffffffff 00c09300 DPL=0 DS   [-WA]
DS =0010 00000000 ffffffff 00c09300 DPL=0 DS   [-WA]
FS =0010 00000000 ffffffff 00c09300 DPL=0 DS   [-WA]
GS =0010 00000000 ffffffff 00c09300 DPL=0 DS   [-WA]
LDT=0000 00000000 0000ffff 00008200 DPL=0 LDT
TR =0000 00000000 0000ffff 00008b00 DPL=0 TSS32-busy
GDT=     000f7420 00000037
IDT=     000f745e 00000000
CR0=00000011 CR2=00000000 CR3=00000000 CR4=00000000
DR0=0000000000000000 DR1=0000000000000000 DR2=0000000000000000 DR3=0000000000000000 
DR6=00000000ffff0ff0 DR7=0000000000000400
CCS=00000008 CCD=00006c74 CCO=ADDL
EFER=0000000000000000
SMM: after RSM
EAX=000000b5 EBX=000086c6 ECX=00005678 EDX=06fffe68
ESI=000ed6e0 EDI=06fff761 EBP=00006c88 ESP=00006c88
EIP=000086c6 EFL=00000006 [-----P-] CPL=0 II=0 A20=1 SMM=0 HLT=0
ES =de80 000de800 ffffffff 00809300
CS =f000 000f0000 ffffffff 00809b00
SS =0000 00000000 ffffffff 00809300
DS =0000 00000000 ffffffff 00809300
FS =0000 00000000 ffffffff 00809300
GS =0000 00000000 ffffffff 00809300
LDT=0000 00000000 0000ffff 00008200
TR =0000 00000000 0000ffff 00008b00
GDT=     00000000 00000000
IDT=     00000000 000003ff
CR0=00000010 CR2=00000000 CR3=00000000 CR4=00000000
DR0=0000000000000000 DR1=0000000000000000 DR2=0000000000000000 DR3=0000000000000000 
DR6=00000000ffff0ff0 DR7=0000000000000400
CCS=00000004 CCD=00000001 CCO=EFLAGS
EFER=0000000000000000
SMM: enter
EAX=000000b5 EBX=000f86ac ECX=00001234 EDX=000069ff
ESI=000069ae EDI=06fff761 EBP=0000696e ESP=0000696e
EIP=000086a9 EFL=00000002 [-------] CPL=0 II=0 A20=1 SMM=0 HLT=0
ES =de80 000de800 ffffffff 008f9300
CS =f000 000f0000 ffffffff 008f9b00
SS =0000 00000000 ffffffff 008f9300
DS =0000 00000000 ffffffff 008f9300
FS =0000 00000000 ffffffff 008f9300
GS =c900 000c9000 ffffffff 008f9300
LDT=0000 00000000 0000ffff 00008200
TR =0000 00000000 0000ffff 00008b00
GDT=     00000000 00000000
IDT=     00000000 000003ff
CR0=00000010 CR2=00000000 CR3=00000000 CR4=00000000
DR0=0000000000000000 DR1=0000000000000000 DR2=0000000000000000 DR3=0000000000000000 
DR6=00000000ffff0ff0 DR7=0000000000000400
CCS=00000000 CCD=0000696e CCO=ADDL
EFER=0000000000000000
SMM: after RSM
EAX=000000b5 EBX=000f86ac ECX=00001234 EDX=000069ff
ESI=000069ae EDI=06fff761 EBP=0000696e ESP=0000696e
EIP=000f86ac EFL=00000046 [---Z-P-] CPL=0 II=0 A20=1 SMM=0 HLT=0
ES =0010 00000000 ffffffff 00c09300 DPL=0 DS   [-WA]
CS =0008 00000000 ffffffff 00c09b00 DPL=0 CS32 [-RA]
SS =0010 00000000 ffffffff 00c09300 DPL=0 DS   [-WA]
DS =0010 00000000 ffffffff 00c09300 DPL=0 DS   [-WA]
FS =0010 00000000 ffffffff 00c09300 DPL=0 DS   [-WA]
GS =0010 00000000 ffffffff 00c09300 DPL=0 DS   [-WA]
LDT=0000 00000000 0000ffff 00008200 DPL=0 LDT
TR =0000 00000000 0000ffff 00008b00 DPL=0 TSS32-busy
GDT=     000f7420 00000037
IDT=     000f745e 00000000
CR0=00000011 CR2=00000000 CR3=00000000 CR4=00000000
DR0=0000000000000000 DR1=0000000000000000 DR2=0000000000000000 DR3=0000000000000000 
DR6=00000000ffff0ff0 DR7=0000000000000400
CCS=00000044 CCD=00000000 CCO=EFLAGS
EFER=0000000000000000
SMM: enter
EAX=000000b5 EBX=000086c6 ECX=00005678 EDX=00000005
ESI=00000000 EDI=06fff761 EBP=0000696e ESP=0000696e
EIP=000f86c3 EFL=00000006 [-----P-] CPL=0 II=0 A20=1 SMM=0 HLT=0
ES =0010 00000000 ffffffff 00c09300 DPL=0 DS   [-WA]
CS =0008 00000000 ffffffff 00c09b00 DPL=0 CS32 [-RA]
SS =0010 00000000 ffffffff 00c09300 DPL=0 DS   [-WA]
DS =0010 00000000 ffffffff 00c09300 DPL=0 DS   [-WA]
FS =0010 00000000 ffffffff 00c09300 DPL=0 DS   [-WA]
GS =0010 00000000 ffffffff 00c09300 DPL=0 DS   [-WA]
LDT=0000 00000000 0000ffff 00008200 DPL=0 LDT
TR =0000 00000000 0000ffff 00008b00 DPL=0 TSS32-busy
GDT=     000f7420 00000037
IDT=     000f745e 00000000
CR0=00000011 CR2=00000000 CR3=00000000 CR4=00000000
DR0=0000000000000000 DR1=0000000000000000 DR2=0000000000000000 DR3=0000000000000000 
DR6=00000000ffff0ff0 DR7=0000000000000400
CCS=00000008 CCD=0000695a CCO=ADDL
EFER=0000000000000000
SMM: after RSM
EAX=000000b5 EBX=000086c6 ECX=00005678 EDX=00000005
ESI=00000000 EDI=06fff761 EBP=0000696e ESP=0000696e
EIP=000086c6 EFL=00000002 [-------] CPL=0 II=0 A20=1 SMM=0 HLT=0
ES =de80 000de800 ffffffff 00809300
CS =f000 000f0000 ffffffff 00809b00
SS =0000 00000000 ffffffff 00809300
DS =0000 00000000 ffffffff 00809300
FS =0000 00000000 ffffffff 00809300
GS =c900 000c9000 ffffffff 00809300
LDT=0000 00000000 0000ffff 00008200
TR =0000 00000000 0000ffff 00008b00
GDT=     00000000 00000000
IDT=     00000000 000003ff
CR0=00000010 CR2=00000000 CR3=00000000 CR4=00000000
DR0=0000000000000000 DR1=0000000000000000 DR2=0000000000000000 DR3=0000000000000000 
DR6=00000000ffff0ff0 DR7=0000000000000400
CCS=00000000 CCD=00000001 CCO=EFLAGS
EFER=0000000000000000
SMM: enter
EAX=000000b5 EBX=000f86ac ECX=00001234 EDX=000069ff
ESI=000069a8 EDI=06fff761 EBP=00006968 ESP=00006968
EIP=000086a9 EFL=00000002 [-------] CPL=0 II=0 A20=1 SMM=0 HLT=0
ES =de80 000de800 ffffffff 00809300
CS =f000 000f0000 ffffffff 00809b00
SS =0000 00000000 ffffffff 00809300
DS =0000 00000000 ffffffff 00809300
FS =0000 00000000 ffffffff 00809300
GS =c900 000c9000 ffffffff 00809300
LDT=0000 00000000 0000ffff 00008200
TR =0000 00000000 0000ffff 00008b00
GDT=     00000000 00000000
IDT=     00000000 000003ff
CR0=00000010 CR2=00000000 CR3=00000000 CR4=00000000
DR0=0000000000000000 DR1=0000000000000000 DR2=0000000000000000 DR3=0000000000000000 
DR6=00000000ffff0ff0 DR7=0000000000000400
CCS=00000000 CCD=00006968 CCO=ADDL
EFER=0000000000000000
SMM: after RSM
EAX=000000b5 EBX=000f86ac ECX=00001234 EDX=000069ff
ESI=000069a8 EDI=06fff761 EBP=00006968 ESP=00006968
EIP=000f86ac EFL=00000046 [---Z-P-] CPL=0 II=0 A20=1 SMM=0 HLT=0
ES =0010 00000000 ffffffff 00c09300 DPL=0 DS   [-WA]
CS =0008 00000000 ffffffff 00c09b00 DPL=0 CS32 [-RA]
SS =0010 00000000 ffffffff 00c09300 DPL=0 DS   [-WA]
DS =0010 00000000 ffffffff 00c09300 DPL=0 DS   [-WA]
FS =0010 00000000 ffffffff 00c09300 DPL=0 DS   [-WA]
GS =0010 00000000 ffffffff 00c09300 DPL=0 DS   [-WA]
LDT=0000 00000000 0000ffff 00008200 DPL=0 LDT
TR =0000 00000000 0000ffff 00008b00 DPL=0 TSS32-busy
GDT=     000f7420 00000037
IDT=     000f745e 00000000
CR0=00000011 CR2=00000000 CR3=00000000 CR4=00000000
DR0=0000000000000000 DR1=0000000000000000 DR2=0000000000000000 DR3=0000000000000000 
DR6=00000000ffff0ff0 DR7=0000000000000400
CCS=00000044 CCD=00000000 CCO=EFLAGS
EFER=0000000000000000
SMM: enter
EAX=000000b5 EBX=000086c6 ECX=00005678 EDX=00000003
ESI=06fd4130 EDI=06fff761 EBP=00006968 ESP=00006968
EIP=000f86c3 EFL=00000012 [----A--] CPL=0 II=0 A20=1 SMM=0 HLT=0
ES =0010 00000000 ffffffff 00c09300 DPL=0 DS   [-WA]
CS =0008 00000000 ffffffff 00c09b00 DPL=0 CS32 [-RA]
SS =0010 00000000 ffffffff 00c09300 DPL=0 DS   [-WA]
DS =0010 00000000 ffffffff 00c09300 DPL=0 DS   [-WA]
FS =0010 00000000 ffffffff 00c09300 DPL=0 DS   [-WA]
GS =0010 00000000 ffffffff 00c09300 DPL=0 DS   [-WA]
LDT=0000 00000000 0000ffff 00008200 DPL=0 LDT
TR =0000 00000000 0000ffff 00008b00 DPL=0 TSS32-busy
GDT=     000f7420 00000037
IDT=     000f745e 00000000
CR0=00000011 CR2=00000000 CR3=00000000 CR4=00000000
DR0=0000000000000000 DR1=0000000000000000 DR2=0000000000000000 DR3=0000000000000000 
DR6=00000000ffff0ff0 DR7=0000000000000400
CCS=00000008 CCD=00006954 CCO=ADDL
EFER=0000000000000000
SMM: after RSM
EAX=000000b5 EBX=000086c6 ECX=00005678 EDX=00000003
ESI=06fd4130 EDI=06fff761 EBP=00006968 ESP=00006968
EIP=000086c6 EFL=00000002 [-------] CPL=0 II=0 A20=1 SMM=0 HLT=0
ES =de80 000de800 ffffffff 00809300
CS =f000 000f0000 ffffffff 00809b00
SS =0000 00000000 ffffffff 00809300
DS =0000 00000000 ffffffff 00809300
FS =0000 00000000 ffffffff 00809300
GS =c900 000c9000 ffffffff 00809300
LDT=0000 00000000 0000ffff 00008200
TR =0000 00000000 0000ffff 00008b00
GDT=     00000000 00000000
IDT=     00000000 000003ff
CR0=00000010 CR2=00000000 CR3=00000000 CR4=00000000
DR0=0000000000000000 DR1=0000000000000000 DR2=0000000000000000 DR3=0000000000000000 
DR6=00000000ffff0ff0 DR7=0000000000000400
CCS=00000000 CCD=00000001 CCO=EFLAGS
EFER=0000000000000000
SMM: enter
EAX=000000b5 EBX=000f86ac ECX=00001234 EDX=000069ff
ESI=000069ae EDI=06fff761 EBP=0000696e ESP=0000696e
EIP=000086a9 EFL=00000002 [-------] CPL=0 II=0 A20=1 SMM=0 HLT=0
ES =de80 000de800 ffffffff 00809300
CS =f000 000f0000 ffffffff 00809b00
SS =0000 00000000 ffffffff 00809300
DS =0000 00000000 ffffffff 00809300
FS =0000 00000000 ffffffff 00809300
GS =c900 000c9000 ffffffff 00809300
LDT=0000 00000000 0000ffff 00008200
TR =0000 00000000 0000ffff 00008b00
GDT=     00000000 00000000
IDT=     00000000 000003ff
CR0=00000010 CR2=00000000 CR3=00000000 CR4=00000000
DR0=0000000000000000 DR1=0000000000000000 DR2=0000000000000000 DR3=0000000000000000 
DR6=00000000ffff0ff0 DR7=0000000000000400
CCS=00000000 CCD=0000696e CCO=ADDL
EFER=0000000000000000
SMM: after RSM
EAX=000000b5 EBX=000f86ac ECX=00001234 EDX=000069ff
ESI=000069ae EDI=06fff761 EBP=0000696e ESP=0000696e
EIP=000f86ac EFL=00000046 [---Z-P-] CPL=0 II=0 A20=1 SMM=0 HLT=0
ES =0010 00000000 ffffffff 00c09300 DPL=0 DS   [-WA]
CS =0008 00000000 ffffffff 00c09b00 DPL=0 CS32 [-RA]
SS =0010 00000000 ffffffff 00c09300 DPL=0 DS   [-WA]
DS =0010 00000000 ffffffff 00c09300 DPL=0 DS   [-WA]
FS =0010 00000000 ffffffff 00c09300 DPL=0 DS   [-WA]
GS =0010 00000000 ffffffff 00c09300 DPL=0 DS   [-WA]
LDT=0000 00000000 0000ffff 00008200 DPL=0 LDT
TR =0000 00000000 0000ffff 00008b00 DPL=0 TSS32-busy
GDT=     000f7420 00000037
IDT=     000f745e 00000000
CR0=00000011 CR2=00000000 CR3=00000000 CR4=00000000
DR0=0000000000000000 DR1=0000000000000000 DR2=0000000000000000 DR3=0000000000000000 
DR6=00000000ffff0ff0 DR7=0000000000000400
CCS=00000044 CCD=00000000 CCO=EFLAGS
EFER=0000000000000000
SMM: enter
EAX=000000b5 EBX=000086c6 ECX=00005678 EDX=00000005
ESI=00000000 EDI=06fff761 EBP=0000696e ESP=0000696e
EIP=000f86c3 EFL=00000006 [-----P-] CPL=0 II=0 A20=1 SMM=0 HLT=0
ES =0010 00000000 ffffffff 00c09300 DPL=0 DS   [-WA]
CS =0008 00000000 ffffffff 00c09b00 DPL=0 CS32 [-RA]
SS =0010 00000000 ffffffff 00c09300 DPL=0 DS   [-WA]
DS =0010 00000000 ffffffff 00c09300 DPL=0 DS   [-WA]
FS =0010 00000000 ffffffff 00c09300 DPL=0 DS   [-WA]
GS =0010 00000000 ffffffff 00c09300 DPL=0 DS   [-WA]
LDT=0000 00000000 0000ffff 00008200 DPL=0 LDT
TR =0000 00000000 0000ffff 00008b00 DPL=0 TSS32-busy
GDT=     000f7420 00000037
IDT=     000f745e 00000000
CR0=00000011 CR2=00000000 CR3=00000000 CR4=00000000
DR0=0000000000000000 DR1=0000000000000000 DR2=0000000000000000 DR3=0000000000000000 
DR6=00000000ffff0ff0 DR7=0000000000000400
CCS=00000008 CCD=0000695a CCO=ADDL
EFER=0000000000000000
SMM: after RSM
EAX=000000b5 EBX=000086c6 ECX=00005678 EDX=00000005
ESI=00000000 EDI=06fff761 EBP=0000696e ESP=0000696e
EIP=000086c6 EFL=00000002 [-------] CPL=0 II=0 A20=1 SMM=0 HLT=0
ES =de80 000de800 ffffffff 00809300
CS =f000 000f0000 ffffffff 00809b00
SS =0000 00000000 ffffffff 00809300
DS =0000 00000000 ffffffff 00809300
FS =0000 00000000 ffffffff 00809300
GS =c900 000c9000 ffffffff 00809300
LDT=0000 00000000 0000ffff 00008200
TR =0000 00000000 0000ffff 00008b00
GDT=     00000000 00000000
IDT=     00000000 000003ff
CR0=00000010 CR2=00000000 CR3=00000000 CR4=00000000
DR0=0000000000000000 DR1=0000000000000000 DR2=0000000000000000 DR3=0000000000000000 
DR6=00000000ffff0ff0 DR7=0000000000000400
CCS=00000000 CCD=00000001 CCO=EFLAGS
EFER=0000000000000000
Servicing hardware INT=0x08
SMM: enter
EAX=000000b5 EBX=000f86ac ECX=00001234 EDX=000069ff
ESI=000069a8 EDI=06fff761 EBP=00006968 ESP=00006968
EIP=000086a9 EFL=00000002 [-------] CPL=0 II=0 A20=1 SMM=0 HLT=0
ES =de80 000de800 ffffffff 00809300
CS =f000 000f0000 ffffffff 00809b00
SS =0000 00000000 ffffffff 00809300
DS =0000 00000000 ffffffff 00809300
FS =0000 00000000 ffffffff 00809300
GS =c900 000c9000 ffffffff 00809300
LDT=0000 00000000 0000ffff 00008200
TR =0000 00000000 0000ffff 00008b00
GDT=     00000000 00000000
IDT=     00000000 000003ff
CR0=00000010 CR2=00000000 CR3=00000000 CR4=00000000
DR0=0000000000000000 DR1=0000000000000000 DR2=0000000000000000 DR3=0000000000000000 
DR6=00000000ffff0ff0 DR7=0000000000000400
CCS=00000000 CCD=00006968 CCO=ADDL
EFER=0000000000000000
SMM: after RSM
EAX=000000b5 EBX=000f86ac ECX=00001234 EDX=000069ff
ESI=000069a8 EDI=06fff761 EBP=00006968 ESP=00006968
EIP=000f86ac EFL=00000046 [---Z-P-] CPL=0 II=0 A20=1 SMM=0 HLT=0
ES =0010 00000000 ffffffff 00c09300 DPL=0 DS   [-WA]
CS =0008 00000000 ffffffff 00c09b00 DPL=0 CS32 [-RA]
SS =0010 00000000 ffffffff 00c09300 DPL=0 DS   [-WA]
DS =0010 00000000 ffffffff 00c09300 DPL=0 DS   [-WA]
FS =0010 00000000 ffffffff 00c09300 DPL=0 DS   [-WA]
GS =0010 00000000 ffffffff 00c09300 DPL=0 DS   [-WA]
LDT=0000 00000000 0000ffff 00008200 DPL=0 LDT
TR =0000 00000000 0000ffff 00008b00 DPL=0 TSS32-busy
GDT=     000f7420 00000037
IDT=     000f745e 00000000
CR0=00000011 CR2=00000000 CR3=00000000 CR4=00000000
DR0=0000000000000000 DR1=0000000000000000 DR2=0000000000000000 DR3=0000000000000000 
DR6=00000000ffff0ff0 DR7=0000000000000400
CCS=00000044 CCD=00000000 CCO=EFLAGS
EFER=0000000000000000
SMM: enter
EAX=000000b5 EBX=000086c6 ECX=00005678 EDX=00000003
ESI=06f34130 EDI=06fff761 EBP=00006968 ESP=00006968
EIP=000f86c3 EFL=00000012 [----A--] CPL=0 II=0 A20=1 SMM=0 HLT=0
ES =0010 00000000 ffffffff 00c09300 DPL=0 DS   [-WA]
CS =0008 00000000 ffffffff 00c09b00 DPL=0 CS32 [-RA]
SS =0010 00000000 ffffffff 00c09300 DPL=0 DS   [-WA]
DS =0010 00000000 ffffffff 00c09300 DPL=0 DS   [-WA]
FS =0010 00000000 ffffffff 00c09300 DPL=0 DS   [-WA]
GS =0010 00000000 ffffffff 00c09300 DPL=0 DS   [-WA]
LDT=0000 00000000 0000ffff 00008200 DPL=0 LDT
TR =0000 00000000 0000ffff 00008b00 DPL=0 TSS32-busy
GDT=     000f7420 00000037
IDT=     000f745e 00000000
CR0=00000011 CR2=00000000 CR3=00000000 CR4=00000000
DR0=0000000000000000 DR1=0000000000000000 DR2=0000000000000000 DR3=0000000000000000 
DR6=00000000ffff0ff0 DR7=0000000000000400
CCS=00000008 CCD=00006954 CCO=ADDL
EFER=0000000000000000
SMM: after RSM
EAX=000000b5 EBX=000086c6 ECX=00005678 EDX=00000003
ESI=06f34130 EDI=06fff761 EBP=00006968 ESP=00006968
EIP=000086c6 EFL=00000002 [-------] CPL=0 II=0 A20=1 SMM=0 HLT=0
ES =de80 000de800 ffffffff 00809300
CS =f000 000f0000 ffffffff 00809b00
SS =0000 00000000 ffffffff 00809300
DS =0000 00000000 ffffffff 00809300
FS =0000 00000000 ffffffff 00809300
GS =c900 000c9000 ffffffff 00809300
LDT=0000 00000000 0000ffff 00008200
TR =0000 00000000 0000ffff 00008b00
GDT=     00000000 00000000
IDT=     00000000 000003ff
CR0=00000010 CR2=00000000 CR3=00000000 CR4=00000000
DR0=0000000000000000 DR1=0000000000000000 DR2=0000000000000000 DR3=0000000000000000 
DR6=00000000ffff0ff0 DR7=0000000000000400
CCS=00000000 CCD=00000001 CCO=EFLAGS
EFER=0000000000000000
=== BootLoader Stage Start ===
READY TO BOOT CCOS
[1] Stage 1: Loading second stage...
[2] Stage 2: Loading kernel...
[MODE] Using LBA extended read
[LOAD] LBA: loading 3634 sectors
Servicing hardware INT=0x08
[I] Kernel Load Success, About Enter
READY TO BOOT KERNEL
=== BootLoader Stage End ===
Boot the serails OK
Boot the VGA OK
=== === === === === ===!
Boot All device OK!
=== === === === === ===!
[90m[TRACE] Klog Finished, attempt to send followings...

[0m[90m[TRACE] ========================================================
[0m[90m[TRACE] 	Current Filtered Level: TRACE

[0m[90m[TRACE] 	Cached printf size: 512
[0m[90m[TRACE] ========================================================
[0m[35m[DEBUG] klog self boot OK, one can log the kernel logs!

[0m[2J[H[0m============================================================[0m

[0m/[0m[0m*[0m[0m*[0m[0m*[0m[0m*[0m[0m*[0m[0m*[0m[0m*[0m[0m*[0m[0m*[0m[0m*[0m[0m*[0m[0m*[0m[0m*[0m[0m*[0m[0m*[0m[0m*[0m[0m*[0m[0m*[0m[0m*[0m[0m*[0m[0m*[0m[0m*[0m[0m*[0m[0m*[0m[0m*[0m[0m*[0m[0m*[0m[0m*[0m[0m*[0m[0m*[0m[0m*[0m[0m*[0m[0m*[0m[0m*[0m[0m*[0m[0m*[0m[0m*[0m[0m*[0m[0m*[0m[0m*[0m[0m*[0m[0m*[0m[0m*[0m[0m*[0m[0m*[0m[0m*[0m[0m*[0m[0m*[0m[0m*[0m[0m*[0m[0m*[0m[0m*[0m[0m*[0m[0m*[0m[0m*[0m[0m*[0m[0m*[0m[0m*[0m[0m\[0m
[0m|                                                          |[0m
[0m|[0m              [0m  _____  _____ _____    ___    [0m
|[0m              [0m /  _  \/  ___//  __ \  /   |   [0m
|[0m              [0m | | | |\ `--.| /  \/ / /| |   [0m
|[0m              [0m | | | | `--. \ |    / /_| |   [0m
|[0m              [0m | |_| |/\__/ / \__/\____  |   [0m
|[0m              [0m  \___/ \____/ \____/    |_|   [0m
|
[0m|                                                          |[0m
[0m|[0m                 [1m[0mCCOperating System X64[0m
[0m|                                                          |[0m
[0m|[0m                [0mVersion [0m[0m0.1.0[0m[0m [Alpha][0m
[0m|                                                          |[0m
[0m|[0m                    [2m[0mBuild: [0m[0mRelease[0m[0m
[0m|                                                          |[0m
[0m|[0m                [0m~ [0m[0mPowered by C & CMake[0m[0m ~[0m
[0m|                                                          |[0m
[0m\[0m[0m*[0m[0m*[0m[0m*[0m[0m*[0m[0m*[0m[0m*[0m[0m*[0m[0m*[0m[0m*[0m[0m*[0m[0m*[0m[0m*[0m[0m*[0m[0m*[0m[0m*[0m[0m*[0m[0m*[0m[0m*[0m[0m*[0m[0m*[0m[0m*[0m[0m*[0m[0m*[0m[0m*[0m[0m*[0m[0m*[0m[0m*[0m[0m*[0m[0m*[0m[0m*[0m[0m*[0m[0m*[0m[0m*[0m[0m*[0m[0m*[0m[0m*[0m[0m*[0m[0m*[0m[0m*[0m[0m*[0m[0m*[0m[0m*[0m[0m*[0m[0m*[0m[0m*[0m[0m*[0m[0m*[0m[0m*[0m[0m*[0m[0m*[0m[0m*[0m[0m*[0m[0m*[0m[0m*[0m[0m*[0m[0m*[0m[0m*[0m[0m*[0m[0m/[0m
[0m============================================================[0m

[0m  >> Serial Console Ready <<[0m
[0m[90m[TRACE] Serial Display for the welcomes OK!

[0m[90m[TRACE] VGA Display for the welcomes OK!

[0m[90m[TRACE] Boot Welcomes Done!

[0m[32m[INFO ] Initializing interrupt subsystem...

[0m[32m[INFO ] PIC initialized: IRQs remapped to vectors 32-47

[0m[32m[INFO ] IDT initialized with 256 entries at 0x00000000000174e0

[0m[32m[INFO ] IDT initialized

[0m[32m[INFO ] Timer interrupt handler registered

[0m[32m[INFO ] Interrupts enabled

[0m[32m[INFO ] kernel init finished!

[0m[32m[INFO ] ===Kernel Stage Reach End===
[0mServicing hardware INT=0x20
     0: v=20 e=0000 i=0 cpl=0 IP=0018:00000000000100a1 pc=00000000000100a1 SP=0020:000000000007ffe0 env->regs[R_EAX]=000000000000006d
RAX=000000000000006d RBX=0000000000000000 RCX=0000000000016a64 RDX=00000000000003f8
RSI=000000000000006d RDI=00000000000003f8 RBP=000000000007fff0 RSP=000000000007ffe0
R8 =0000000000000024 R9 =0000000000016a40 R10=0000000000000004 R11=0000000000001278
R12=0000000000000000 R13=0000000000000000 R14=0000000000000000 R15=00000000000167e8
RIP=00000000000100a1 RFL=00000206 [-----P-] CPL=0 II=0 A20=1 SMM=0 HLT=0
ES =0020 0000000000000000 ffffffff 00cf9300 DPL=0 DS   [-WA]
CS =0018 0000000000000000 ffffffff 00af9a00 DPL=0 CS64 [-R-]
SS =0020 0000000000000000 ffffffff 00cf9300 DPL=0 DS   [-WA]
DS =0020 0000000000000000 ffffffff 00cf9300 DPL=0 DS   [-WA]
FS =0020 0000000000000000 ffffffff 00cf9300 DPL=0 DS   [-WA]
GS =0020 0000000000000000 ffffffff 00cf9300 DPL=0 DS   [-WA]
LDT=0000 0000000000000000 0000ffff 00008200 DPL=0 LDT
TR =0000 0000000000000000 0000ffff 00008b00 DPL=0 TSS64-busy
GDT=     0000000000007e03 00000027
IDT=     00000000000174e0 00000fff
CR0=80000011 CR2=0000000000000000 CR3=0000000000009000 CR4=00000020
DR0=0000000000000000 DR1=0000000000000000 DR2=0000000000000000 DR3=0000000000000000 
DR6=00000000ffff0ff0 DR7=0000000000000400
CCS=0000000000000004 CCD=000000000007ffb8 CCO=EFLAGS
EFER=0000000000000500
[35m[DEBUG] Spurious interrupt: vector 109

[0mServicing hardware INT=0x20
     1: v=20 e=0000 i=0 cpl=0 IP=0018:00000000000100a1 pc=00000000000100a1 SP=0020:000000000007ffe0 env->regs[R_EAX]=000000000000006d
RAX=000000000000006d RBX=0000000000000000 RCX=0000000000016a64 RDX=00000000000003f8
RSI=000000000000006d RDI=00000000000003f8 RBP=000000000007fff0 RSP=000000000007ffe0
R8 =0000000000000024 R9 =0000000000016a40 R10=0000000000000004 R11=0000000000001278
R12=0000000000000000 R13=0000000000000000 R14=0000000000000000 R15=00000000000167e8
RIP=00000000000100a1 RFL=00000206 [-----P-] CPL=0 II=0 A20=1 SMM=0 HLT=0
ES =0020 0000000000000000 ffffffff 00cf9300 DPL=0 DS   [-WA]
CS =0018 0000000000000000 ffffffff 00af9a00 DPL=0 CS64 [-R-]
SS =0020 0000000000000000 ffffffff 00cf9300 DPL=0 DS   [-WA]
DS =0020 0000000000000000 ffffffff 00cf9300 DPL=0 DS   [-WA]
FS =0020 0000000000000000 ffffffff 00cf9300 DPL=0 DS   [-WA]
GS =0020 0000000000000000 ffffffff 00cf9300 DPL=0 DS   [-WA]
LDT=0000 0000000000000000 0000ffff 00008200 DPL=0 LDT
TR =0000 0000000000000000 0000ffff 00008b00 DPL=0 TSS64-busy
GDT=     0000000000007e03 00000027
IDT=     00000000000174e0 00000fff
CR0=80000011 CR2=0000000000000000 CR3=0000000000009000 CR4=00000020
DR0=0000000000000000 DR1=0000000000000000 DR2=0000000000000000 DR3=0000000000000000 
DR6=00000000ffff0ff0 DR7=0000000000000400
CCS=0000000000000004 CCD=000000000007ffb8 CCO=EFLAGS
EFER=0000000000000500
[35m[DEBUG] Spurious interrupt: vector 109

[0mServicing hardware INT=0x20
     2: v=20 e=0000 i=0 cpl=0 IP=0018:00000000000100a1 pc=00000000000100a1 SP=0020:000000000007ffe0 env->regs[R_EAX]=000000000000006d
RAX=000000000000006d RBX=0000000000000000 RCX=0000000000016a64 RDX=00000000000003f8
RSI=000000000000006d RDI=00000000000003f8 RBP=000000000007fff0 RSP=000000000007ffe0
R8 =0000000000000024 R9 =0000000000016a40 R10=0000000000000004 R11=0000000000001278
R12=0000000000000000 R13=0000000000000000 R14=0000000000000000 R15=00000000000167e8
RIP=00000000000100a1 RFL=00000206 [-----P-] CPL=0 II=0 A20=1 SMM=0 HLT=0
ES =0020 0000000000000000 ffffffff 00cf9300 DPL=0 DS   [-WA]
CS =0018 0000000000000000 ffffffff 00af9a00 DPL=0 CS64 [-R-]
SS =0020 0000000000000000 ffffffff 00cf9300 DPL=0 DS   [-WA]
DS =0020 0000000000000000 ffffffff 00cf9300 DPL=0 DS   [-WA]
FS =0020 0000000000000000 ffffffff 00cf9300 DPL=0 DS   [-WA]
GS =0020 0000000000000000 ffffffff 00cf9300 DPL=0 DS   [-WA]
LDT=0000 0000000000000000 0000ffff 00008200 DPL=0 LDT
TR =0000 0000000000000000 0000ffff 00008b00 DPL=0 TSS64-busy
GDT=     0000000000007e03 00000027
IDT=     00000000000174e0 00000fff
CR0=80000011 CR2=0000000000000000 CR3=0000000000009000 CR4=00000020
DR0=0000000000000000 DR1=0000000000000000 DR2=0000000000000000 DR3=0000000000000000 
DR6=00000000ffff0ff0 DR7=0000000000000400
CCS=0000000000000004 CCD=000000000007ffb8 CCO=EFLAGS
EFER=0000000000000500
[35m[DEBUG] Spurious interrupt: vector 109

[0mServicing hardware INT=0x20
     3: v=20 e=0000 i=0 cpl=0 IP=0018:00000000000100a1 pc=00000000000100a1 SP=0020:000000000007ffe0 env->regs[R_EAX]=000000000000006d
RAX=000000000000006d RBX=0000000000000000 RCX=0000000000016a64 RDX=00000000000003f8
RSI=000000000000006d RDI=00000000000003f8 RBP=000000000007fff0 RSP=000000000007ffe0
R8 =0000000000000024 R9 =0000000000016a40 R10=0000000000000004 R11=0000000000001278
R12=0000000000000000 R13=0000000000000000 R14=0000000000000000 R15=00000000000167e8
RIP=00000000000100a1 RFL=00000206 [-----P-] CPL=0 II=0 A20=1 SMM=0 HLT=0
ES =0020 0000000000000000 ffffffff 00cf9300 DPL=0 DS   [-WA]
CS =0018 0000000000000000 ffffffff 00af9a00 DPL=0 CS64 [-R-]
SS =0020 0000000000000000 ffffffff 00cf9300 DPL=0 DS   [-WA]
DS =0020 0000000000000000 ffffffff 00cf9300 DPL=0 DS   [-WA]
FS =0020 0000000000000000 ffffffff 00cf9300 DPL=0 DS   [-WA]
GS =0020 0000000000000000 ffffffff 00cf9300 DPL=0 DS   [-WA]
LDT=0000 0000000000000000 0000ffff 00008200 DPL=0 LDT
TR =0000 0000000000000000 0000ffff 00008b00 DPL=0 TSS64-busy
GDT=     0000000000007e03 00000027
IDT=     00000000000174e0 00000fff
CR0=80000011 CR2=0000000000000000 CR3=0000000000009000 CR4=00000020
DR0=0000000000000000 DR1=0000000000000000 DR2=0000000000000000 DR3=0000000000000000 
DR6=00000000ffff0ff0 DR7=0000000000000400
CCS=0000000000000004 CCD=000000000007ffb8 CCO=EFLAGS
EFER=0000000000000500
[35m[DEBUG] Spurious interrupt: vector 109

[0mServicing hardware INT=0x20
     4: v=20 e=0000 i=0 cpl=0 IP=0018:00000000000100a1 pc=00000000000100a1 SP=0020:000000000007ffe0 env->regs[R_EAX]=000000000000006d
RAX=000000000000006d RBX=0000000000000000 RCX=0000000000016a64 RDX=00000000000003f8
RSI=000000000000006d RDI=00000000000003f8 RBP=000000000007fff0 RSP=000000000007ffe0
R8 =0000000000000024 R9 =0000000000016a40 R10=0000000000000004 R11=0000000000001278
R12=0000000000000000 R13=0000000000000000 R14=0000000000000000 R15=00000000000167e8
RIP=00000000000100a1 RFL=00000206 [-----P-] CPL=0 II=0 A20=1 SMM=0 HLT=0
ES =0020 0000000000000000 ffffffff 00cf9300 DPL=0 DS   [-WA]
CS =0018 0000000000000000 ffffffff 00af9a00 DPL=0 CS64 [-R-]
SS =0020 0000000000000000 ffffffff 00cf9300 DPL=0 DS   [-WA]
DS =0020 0000000000000000 ffffffff 00cf9300 DPL=0 DS   [-WA]
FS =0020 0000000000000000 ffffffff 00cf9300 DPL=0 DS   [-WA]
GS =0020 0000000000000000 ffffffff 00cf9300 DPL=0 DS   [-WA]
LDT=0000 0000000000000000 0000ffff 00008200 DPL=0 LDT
TR =0000 0000000000000000 0000ffff 00008b00 DPL=0 TSS64-busy
GDT=     0000000000007e03 00000027
IDT=     00000000000174e0 00000fff
CR0=80000011 CR2=0000000000000000 CR3=0000000000009000 CR4=00000020
DR0=0000000000000000 DR1=0000000000000000 DR2=0000000000000000 DR3=0000000000000000 
DR6=00000000ffff0ff0 DR7=0000000000000400
CCS=0000000000000004 CCD=000000000007ffb8 CCO=EFLAGS
EFER=0000000000000500
[35m[DEBUG] Spurious interrupt: vector 109

[0mServicing hardware INT=0x20
     5: v=20 e=0000 i=0 cpl=0 IP=0018:00000000000100a1 pc=00000000000100a1 SP=0020:000000000007ffe0 env->regs[R_EAX]=000000000000006d
RAX=000000000000006d RBX=0000000000000000 RCX=0000000000016a64 RDX=00000000000003f8
RSI=000000000000006d RDI=00000000000003f8 RBP=000000000007fff0 RSP=000000000007ffe0
R8 =0000000000000024 R9 =0000000000016a40 R10=0000000000000004 R11=0000000000001278
R12=0000000000000000 R13=0000000000000000 R14=0000000000000000 R15=00000000000167e8
RIP=00000000000100a1 RFL=00000206 [-----P-] CPL=0 II=0 A20=1 SMM=0 HLT=0
ES =0020 0000000000000000 ffffffff 00cf9300 DPL=0 DS   [-WA]
CS =0018 0000000000000000 ffffffff 00af9a00 DPL=0 CS64 [-R-]
SS =0020 0000000000000000 ffffffff 00cf9300 DPL=0 DS   [-WA]
DS =0020 0000000000000000 ffffffff 00cf9300 DPL=0 DS   [-WA]
FS =0020 0000000000000000 ffffffff 00cf9300 DPL=0 DS   [-WA]
GS =0020 0000000000000000 ffffffff 00cf9300 DPL=0 DS   [-WA]
LDT=0000 0000000000000000 0000ffff 00008200 DPL=0 LDT
TR =0000 0000000000000000 0000ffff 00008b00 DPL=0 TSS64-busy
GDT=     0000000000007e03 00000027
IDT=     00000000000174e0 00000fff
CR0=80000011 CR2=0000000000000000 CR3=0000000000009000 CR4=00000020
DR0=0000000000000000 DR1=0000000000000000 DR2=0000000000000000 DR3=0000000000000000 
DR6=00000000ffff0ff0 DR7=0000000000000400
CCS=0000000000000004 CCD=000000000007ffb8 CCO=EFLAGS
EFER=0000000000000500
[35m[DEBUG] Spurious interrupt: vector 109

[0mServicing hardware INT=0x20
     6: v=20 e=0000 i=0 cpl=0 IP=0018:00000000000100a1 pc=00000000000100a1 SP=0020:000000000007ffe0 env->regs[R_EAX]=000000000000006d
RAX=000000000000006d RBX=0000000000000000 RCX=0000000000016a64 RDX=00000000000003f8
RSI=000000000000006d RDI=00000000000003f8 RBP=000000000007fff0 RSP=000000000007ffe0
R8 =0000000000000024 R9 =0000000000016a40 R10=0000000000000004 R11=0000000000001278
R12=0000000000000000 R13=0000000000000000 R14=0000000000000000 R15=00000000000167e8
RIP=00000000000100a1 RFL=00000206 [-----P-] CPL=0 II=0 A20=1 SMM=0 HLT=0
ES =0020 0000000000000000 ffffffff 00cf9300 DPL=0 DS   [-WA]
CS =0018 0000000000000000 ffffffff 00af9a00 DPL=0 CS64 [-R-]
SS =0020 0000000000000000 ffffffff 00cf9300 DPL=0 DS   [-WA]
DS =0020 0000000000000000 ffffffff 00cf9300 DPL=0 DS   [-WA]
FS =0020 0000000000000000 ffffffff 00cf9300 DPL=0 DS   [-WA]
GS =0020 0000000000000000 ffffffff 00cf9300 DPL=0 DS   [-WA]
LDT=0000 0000000000000000 0000ffff 00008200 DPL=0 LDT
TR =0000 0000000000000000 0000ffff 00008b00 DPL=0 TSS64-busy
GDT=     0000000000007e03 00000027
IDT=     00000000000174e0 00000fff
CR0=80000011 CR2=0000000000000000 CR3=0000000000009000 CR4=00000020
DR0=0000000000000000 DR1=0000000000000000 DR2=0000000000000000 DR3=0000000000000000 
DR6=00000000ffff0ff0 DR7=0000000000000400
CCS=0000000000000004 CCD=000000000007ffb8 CCO=EFLAGS
EFER=0000000000000500
[35m[DEBUG] Spurious interrupt: vector 109

[0mServicing hardware INT=0x20
     7: v=20 e=0000 i=0 cpl=0 IP=0018:00000000000100a1 pc=00000000000100a1 SP=0020:000000000007ffe0 env->regs[R_EAX]=000000000000006d
RAX=000000000000006d RBX=0000000000000000 RCX=0000000000016a64 RDX=00000000000003f8
RSI=000000000000006d RDI=00000000000003f8 RBP=000000000007fff0 RSP=000000000007ffe0
R8 =0000000000000024 R9 =0000000000016a40 R10=0000000000000004 R11=0000000000001278
R12=0000000000000000 R13=0000000000000000 R14=0000000000000000 R15=00000000000167e8
RIP=00000000000100a1 RFL=00000206 [-----P-] CPL=0 II=0 A20=1 SMM=0 HLT=0
ES =0020 0000000000000000 ffffffff 00cf9300 DPL=0 DS   [-WA]
CS =0018 0000000000000000 ffffffff 00af9a00 DPL=0 CS64 [-R-]
SS =0020 0000000000000000 ffffffff 00cf9300 DPL=0 DS   [-WA]
DS =0020 0000000000000000 ffffffff 00cf9300 DPL=0 DS   [-WA]
FS =0020 0000000000000000 ffffffff 00cf9300 DPL=0 DS   [-WA]
GS =0020 0000000000000000 ffffffff 00cf9300 DPL=0 DS   [-WA]
LDT=0000 0000000000000000 0000ffff 00008200 DPL=0 LDT
TR =0000 0000000000000000 0000ffff 00008b00 DPL=0 TSS64-busy
GDT=     0000000000007e03 00000027
IDT=     00000000000174e0 00000fff
CR0=80000011 CR2=0000000000000000 CR3=0000000000009000 CR4=00000020
DR0=0000000000000000 DR1=0000000000000000 DR2=0000000000000000 DR3=0000000000000000 
DR6=00000000ffff0ff0 DR7=0000000000000400
CCS=0000000000000004 CCD=000000000007ffb8 CCO=EFLAGS
EFER=0000000000000500
[35m[DEBUG] Spurious interrupt: vector 109

[0mServicing hardware INT=0x20
     8: v=20 e=0000 i=0 cpl=0 IP=0018:00000000000100a1 pc=00000000000100a1 SP=0020:000000000007ffe0 env->regs[R_EAX]=000000000000006d
RAX=000000000000006d RBX=0000000000000000 RCX=0000000000016a64 RDX=00000000000003f8
RSI=000000000000006d RDI=00000000000003f8 RBP=000000000007fff0 RSP=000000000007ffe0
R8 =0000000000000024 R9 =0000000000016a40 R10=0000000000000004 R11=0000000000001278
R12=0000000000000000 R13=0000000000000000 R14=0000000000000000 R15=00000000000167e8
RIP=00000000000100a1 RFL=00000206 [-----P-] CPL=0 II=0 A20=1 SMM=0 HLT=0
ES =0020 0000000000000000 ffffffff 00cf9300 DPL=0 DS   [-WA]
CS =0018 0000000000000000 ffffffff 00af9a00 DPL=0 CS64 [-R-]
SS =0020 0000000000000000 ffffffff 00cf9300 DPL=0 DS   [-WA]
DS =0020 0000000000000000 ffffffff 00cf9300 DPL=0 DS   [-WA]
FS =0020 0000000000000000 ffffffff 00cf9300 DPL=0 DS   [-WA]
GS =0020 0000000000000000 ffffffff 00cf9300 DPL=0 DS   [-WA]
LDT=0000 0000000000000000 0000ffff 00008200 DPL=0 LDT
TR =0000 0000000000000000 0000ffff 00008b00 DPL=0 TSS64-busy
GDT=     0000000000007e03 00000027
IDT=     00000000000174e0 00000fff
CR0=80000011 CR2=0000000000000000 CR3=0000000000009000 CR4=00000020
DR0=0000000000000000 DR1=0000000000000000 DR2=0000000000000000 DR3=0000000000000000 
DR6=00000000ffff0ff0 DR7=0000000000000400
CCS=0000000000000004 CCD=000000000007ffb8 CCO=EFLAGS
EFER=0000000000000500
[35m[DEBUG] Spurious interrupt: vector 109

[0mServicing hardware INT=0x20
     9: v=20 e=0000 i=0 cpl=0 IP=0018:00000000000100a1 pc=00000000000100a1 SP=0020:000000000007ffe0 env->regs[R_EAX]=000000000000006d
RAX=000000000000006d RBX=0000000000000000 RCX=0000000000016a64 RDX=00000000000003f8
RSI=000000000000006d RDI=00000000000003f8 RBP=000000000007fff0 RSP=000000000007ffe0
R8 =0000000000000024 R9 =0000000000016a40 R10=0000000000000004 R11=0000000000001278
R12=0000000000000000 R13=0000000000000000 R14=0000000000000000 R15=00000000000167e8
RIP=00000000000100a1 RFL=00000206 [-----P-] CPL=0 II=0 A20=1 SMM=0 HLT=0
ES =0020 0000000000000000 ffffffff 00cf9300 DPL=0 DS   [-WA]
CS =0018 0000000000000000 ffffffff 00af9a00 DPL=0 CS64 [-R-]
SS =0020 0000000000000000 ffffffff 00cf9300 DPL=0 DS   [-WA]
DS =0020 0000000000000000 ffffffff 00cf9300 DPL=0 DS   [-WA]
FS =0020 0000000000000000 ffffffff 00cf9300 DPL=0 DS   [-WA]
GS =0020 0000000000000000 ffffffff 00cf9300 DPL=0 DS   [-WA]
LDT=0000 0000000000000000 0000ffff 00008200 DPL=0 LDT
TR =0000 0000000000000000 0000ffff 00008b00 DPL=0 TSS64-busy
GDT=     0000000000007e03 00000027
IDT=     00000000000174e0 00000fff
CR0=80000011 CR2=0000000000000000 CR3=0000000000009000 CR4=00000020
DR0=0000000000000000 DR1=0000000000000000 DR2=0000000000000000 DR3=0000000000000000 
DR6=00000000ffff0ff0 DR7=0000000000000400
CCS=0000000000000004 CCD=000000000007ffb8 CCO=EFLAGS
EFER=0000000000000500
[35m[DEBUG] Spurious interrupt: vector 109

[0mServicing hardware INT=0x20
    10: v=20 e=0000 i=0 cpl=0 IP=0018:00000000000100a1 pc=00000000000100a1 SP=0020:000000000007ffe0 env->regs[R_EAX]=000000000000006d
RAX=000000000000006d RBX=0000000000000000 RCX=0000000000016a64 RDX=00000000000003f8
RSI=000000000000006d RDI=00000000000003f8 RBP=000000000007fff0 RSP=000000000007ffe0
R8 =0000000000000024 R9 =0000000000016a40 R10=0000000000000004 R11=0000000000001278
R12=0000000000000000 R13=0000000000000000 R14=0000000000000000 R15=00000000000167e8
RIP=00000000000100a1 RFL=00000206 [-----P-] CPL=0 II=0 A20=1 SMM=0 HLT=0
ES =0020 0000000000000000 ffffffff 00cf9300 DPL=0 DS   [-WA]
CS =0018 0000000000000000 ffffffff 00af9a00 DPL=0 CS64 [-R-]
SS =0020 0000000000000000 ffffffff 00cf9300 DPL=0 DS   [-WA]
DS =0020 0000000000000000 ffffffff 00cf9300 DPL=0 DS   [-WA]
FS =0020 0000000000000000 ffffffff 00cf9300 DPL=0 DS   [-WA]
GS =0020 0000000000000000 ffffffff 00cf9300 DPL=0 DS   [-WA]
LDT=0000 0000000000000000 0000ffff 00008200 DPL=0 LDT
TR =0000 0000000000000000 0000ffff 00008b00 DPL=0 TSS64-busy
GDT=     0000000000007e03 00000027
IDT=     00000000000174e0 00000fff
CR0=80000011 CR2=0000000000000000 CR3=0000000000009000 CR4=00000020
DR0=0000000000000000 DR1=0000000000000000 DR2=0000000000000000 DR3=0000000000000000 
DR6=00000000ffff0ff0 DR7=0000000000000400
CCS=0000000000000004 CCD=000000000007ffb8 CCO=EFLAGS
EFER=0000000000000500
[35m[DEBUG] Spurious interrupt: vector 109

[0mServicing hardware INT=0x20
    11: v=20 e=0000 i=0 cpl=0 IP=0018:00000000000100a1 pc=00000000000100a1 SP=0020:000000000007ffe0 env->regs[R_EAX]=000000000000006d
RAX=000000000000006d RBX=0000000000000000 RCX=0000000000016a64 RDX=00000000000003f8
RSI=000000000000006d RDI=00000000000003f8 RBP=000000000007fff0 RSP=000000000007ffe0
R8 =0000000000000024 R9 =0000000000016a40 R10=0000000000000004 R11=0000000000001278
R12=0000000000000000 R13=0000000000000000 R14=0000000000000000 R15=00000000000167e8
RIP=00000000000100a1 RFL=00000206 [-----P-] CPL=0 II=0 A20=1 SMM=0 HLT=0
ES =0020 0000000000000000 ffffffff 00cf9300 DPL=0 DS   [-WA]
CS =0018 0000000000000000 ffffffff 00af9a00 DPL=0 CS64 [-R-]
SS =0020 0000000000000000 ffffffff 00cf9300 DPL=0 DS   [-WA]
DS =0020 0000000000000000 ffffffff 00cf9300 DPL=0 DS   [-WA]
FS =0020 0000000000000000 ffffffff 00cf9300 DPL=0 DS   [-WA]
GS =0020 0000000000000000 ffffffff 00cf9300 DPL=0 DS   [-WA]
LDT=0000 0000000000000000 0000ffff 00008200 DPL=0 LDT
TR =0000 0000000000000000 0000ffff 00008b00 DPL=0 TSS64-busy
GDT=     0000000000007e03 00000027
IDT=     00000000000174e0 00000fff
CR0=80000011 CR2=0000000000000000 CR3=0000000000009000 CR4=00000020
DR0=0000000000000000 DR1=0000000000000000 DR2=0000000000000000 DR3=0000000000000000 
DR6=00000000ffff0ff0 DR7=0000000000000400
CCS=0000000000000004 CCD=000000000007ffb8 CCO=EFLAGS
EFER=0000000000000500
[35m[DEBUG] Spurious interrupt: vector 109

[0mServicing hardware INT=0x20
    12: v=20 e=0000 i=0 cpl=0 IP=0018:00000000000100a1 pc=00000000000100a1 SP=0020:000000000007ffe0 env->regs[R_EAX]=000000000000006d
RAX=000000000000006d RBX=0000000000000000 RCX=0000000000016a64 RDX=00000000000003f8
RSI=000000000000006d RDI=00000000000003f8 RBP=000000000007fff0 RSP=000000000007ffe0
R8 =0000000000000024 R9 =0000000000016a40 R10=0000000000000004 R11=0000000000001278
R12=0000000000000000 R13=0000000000000000 R14=0000000000000000 R15=00000000000167e8
RIP=00000000000100a1 RFL=00000206 [-----P-] CPL=0 II=0 A20=1 SMM=0 HLT=0
ES =0020 0000000000000000 ffffffff 00cf9300 DPL=0 DS   [-WA]
CS =0018 0000000000000000 ffffffff 00af9a00 DPL=0 CS64 [-R-]
SS =0020 0000000000000000 ffffffff 00cf9300 DPL=0 DS   [-WA]
DS =0020 0000000000000000 ffffffff 00cf9300 DPL=0 DS   [-WA]
FS =0020 0000000000000000 ffffffff 00cf9300 DPL=0 DS   [-WA]
GS =0020 0000000000000000 ffffffff 00cf9300 DPL=0 DS   [-WA]
LDT=0000 0000000000000000 0000ffff 00008200 DPL=0 LDT
TR =0000 0000000000000000 0000ffff 00008b00 DPL=0 TSS64-busy
GDT=     0000000000007e03 00000027
IDT=     00000000000174e0 00000fff
CR0=80000011 CR2=0000000000000000 CR3=0000000000009000 CR4=00000020
DR0=0000000000000000 DR1=0000000000000000 DR2=0000000000000000 DR3=0000000000000000 
DR6=00000000ffff0ff0 DR7=0000000000000400
CCS=0000000000000004 CCD=000000000007ffb8 CCO=EFLAGS
EFER=0000000000000500
[35m[DEBUG] Spurious interrupt: vector 109

[0mServicing hardware INT=0x20
    13: v=20 e=0000 i=0 cpl=0 IP=0018:00000000000100a1 pc=00000000000100a1 SP=0020:000000000007ffe0 env->regs[R_EAX]=000000000000006d
RAX=000000000000006d RBX=0000000000000000 RCX=0000000000016a64 RDX=00000000000003f8
RSI=000000000000006d RDI=00000000000003f8 RBP=000000000007fff0 RSP=000000000007ffe0
R8 =0000000000000024 R9 =0000000000016a40 R10=0000000000000004 R11=0000000000001278
R12=0000000000000000 R13=0000000000000000 R14=0000000000000000 R15=00000000000167e8
RIP=00000000000100a1 RFL=00000206 [-----P-] CPL=0 II=0 A20=1 SMM=0 HLT=0
ES =0020 0000000000000000 ffffffff 00cf9300 DPL=0 DS   [-WA]
CS =0018 0000000000000000 ffffffff 00af9a00 DPL=0 CS64 [-R-]
SS =0020 0000000000000000 ffffffff 00cf9300 DPL=0 DS   [-WA]
DS =0020 0000000000000000 ffffffff 00cf9300 DPL=0 DS   [-WA]
FS =0020 0000000000000000 ffffffff 00cf9300 DPL=0 DS   [-WA]
GS =0020 0000000000000000 ffffffff 00cf9300 DPL=0 DS   [-WA]
LDT=0000 0000000000000000 0000ffff 00008200 DPL=0 LDT
TR =0000 0000000000000000 0000ffff 00008b00 DPL=0 TSS64-busy
GDT=     0000000000007e03 00000027
IDT=     00000000000174e0 00000fff
CR0=80000011 CR2=0000000000000000 CR3=0000000000009000 CR4=00000020
DR0=0000000000000000 DR1=0000000000000000 DR2=0000000000000000 DR3=0000000000000000 
DR6=00000000ffff0ff0 DR7=0000000000000400
CCS=0000000000000004 CCD=000000000007ffb8 CCO=EFLAGS
EFER=0000000000000500
[35m[DEBUG] Spurious interrupt: vector 109

[0mServicing hardware INT=0x20
    14: v=20 e=0000 i=0 cpl=0 IP=0018:00000000000100a1 pc=00000000000100a1 SP=0020:000000000007ffe0 env->regs[R_EAX]=000000000000006d
RAX=000000000000006d RBX=0000000000000000 RCX=0000000000016a64 RDX=00000000000003f8
RSI=000000000000006d RDI=00000000000003f8 RBP=000000000007fff0 RSP=000000000007ffe0
R8 =0000000000000024 R9 =0000000000016a40 R10=0000000000000004 R11=0000000000001278
R12=0000000000000000 R13=0000000000000000 R14=0000000000000000 R15=00000000000167e8
RIP=00000000000100a1 RFL=00000206 [-----P-] CPL=0 II=0 A20=1 SMM=0 HLT=0
ES =0020 0000000000000000 ffffffff 00cf9300 DPL=0 DS   [-WA]
CS =0018 0000000000000000 ffffffff 00af9a00 DPL=0 CS64 [-R-]
SS =0020 0000000000000000 ffffffff 00cf9300 DPL=0 DS   [-WA]
DS =0020 0000000000000000 ffffffff 00cf9300 DPL=0 DS   [-WA]
FS =0020 0000000000000000 ffffffff 00cf9300 DPL=0 DS   [-WA]
GS =0020 0000000000000000 ffffffff 00cf9300 DPL=0 DS   [-WA]
LDT=0000 0000000000000000 0000ffff 00008200 DPL=0 LDT
TR =0000 0000000000000000 0000ffff 00008b00 DPL=0 TSS64-busy
GDT=     0000000000007e03 00000027
IDT=     00000000000174e0 00000fff
CR0=80000011 CR2=0000000000000000 CR3=0000000000009000 CR4=00000020
DR0=0000000000000000 DR1=0000000000000000 DR2=0000000000000000 DR3=0000000000000000 
DR6=00000000ffff0ff0 DR7=0000000000000400
CCS=0000000000000004 CCD=000000000007ffb8 CCO=EFLAGS
EFER=0000000000000500
[35m[DEBUG] Spurious interrupt: vector 109

[0mServicing hardware INT=0x20
    15: v=20 e=0000 i=0 cpl=0 IP=0018:00000000000100a1 pc=00000000000100a1 SP=0020:000000000007ffe0 env->regs[R_EAX]=000000000000006d
RAX=000000000000006d RBX=0000000000000000 RCX=0000000000016a64 RDX=00000000000003f8
RSI=000000000000006d RDI=00000000000003f8 RBP=000000000007fff0 RSP=000000000007ffe0
R8 =0000000000000024 R9 =0000000000016a40 R10=0000000000000004 R11=0000000000001278
R12=0000000000000000 R13=0000000000000000 R14=0000000000000000 R15=00000000000167e8
RIP=00000000000100a1 RFL=00000206 [-----P-] CPL=0 II=0 A20=1 SMM=0 HLT=0
ES =0020 0000000000000000 ffffffff 00cf9300 DPL=0 DS   [-WA]
CS =0018 0000000000000000 ffffffff 00af9a00 DPL=0 CS64 [-R-]
SS =0020 0000000000000000 ffffffff 00cf9300 DPL=0 DS   [-WA]
DS =0020 0000000000000000 ffffffff 00cf9300 DPL=0 DS   [-WA]
FS =0020 0000000000000000 ffffffff 00cf9300 DPL=0 DS   [-WA]
GS =0020 0000000000000000 ffffffff 00cf9300 DPL=0 DS   [-WA]
LDT=0000 0000000000000000 0000ffff 00008200 DPL=0 LDT
TR =0000 0000000000000000 0000ffff 00008b00 DPL=0 TSS64-busy
GDT=     0000000000007e03 00000027
IDT=     00000000000174e0 00000fff
CR0=80000011 CR2=0000000000000000 CR3=0000000000009000 CR4=00000020
DR0=0000000000000000 DR1=0000000000000000 DR2=0000000000000000 DR3=0000000000000000 
DR6=00000000ffff0ff0 DR7=0000000000000400
CCS=0000000000000004 CCD=000000000007ffb8 CCO=EFLAGS
EFER=0000000000000500
[35m[DEBUG] Spurious interrupt: vector 109

[0mServicing hardware INT=0x20
    16: v=20 e=0000 i=0 cpl=0 IP=0018:00000000000100a1 pc=00000000000100a1 SP=0020:000000000007ffe0 env->regs[R_EAX]=000000000000006d
RAX=000000000000006d RBX=0000000000000000 RCX=0000000000016a64 RDX=00000000000003f8
RSI=000000000000006d RDI=00000000000003f8 RBP=000000000007fff0 RSP=000000000007ffe0
R8 =0000000000000024 R9 =0000000000016a40 R10=0000000000000004 R11=0000000000001278
R12=0000000000000000 R13=0000000000000000 R14=0000000000000000 R15=00000000000167e8
RIP=00000000000100a1 RFL=00000206 [-----P-] CPL=0 II=0 A20=1 SMM=0 HLT=0
ES =0020 0000000000000000 ffffffff 00cf9300 DPL=0 DS   [-WA]
CS =0018 0000000000000000 ffffffff 00af9a00 DPL=0 CS64 [-R-]
SS =0020 0000000000000000 ffffffff 00cf9300 DPL=0 DS   [-WA]
DS =0020 0000000000000000 ffffffff 00cf9300 DPL=0 DS   [-WA]
FS =0020 0000000000000000 ffffffff 00cf9300 DPL=0 DS   [-WA]
GS =0020 0000000000000000 ffffffff 00cf9300 DPL=0 DS   [-WA]
LDT=0000 0000000000000000 0000ffff 00008200 DPL=0 LDT
TR =0000 0000000000000000 0000ffff 00008b00 DPL=0 TSS64-busy
GDT=     0000000000007e03 00000027
IDT=     00000000000174e0 00000fff
CR0=80000011 CR2=0000000000000000 CR3=0000000000009000 CR4=00000020
DR0=0000000000000000 DR1=0000000000000000 DR2=0000000000000000 DR3=0000000000000000 
DR6=00000000ffff0ff0 DR7=0000000000000400
CCS=0000000000000004 CCD=000000000007ffb8 CCO=EFLAGS
EFER=0000000000000500
[35m[DEBUG] Spurious interrupt: vector 109

[0mServicing hardware INT=0x20
    17: v=20 e=0000 i=0 cpl=0 IP=0018:00000000000100a1 pc=00000000000100a1 SP=0020:000000000007ffe0 env->regs[R_EAX]=000000000000006d
RAX=000000000000006d RBX=0000000000000000 RCX=0000000000016a64 RDX=00000000000003f8
RSI=000000000000006d RDI=00000000000003f8 RBP=000000000007fff0 RSP=000000000007ffe0
R8 =0000000000000024 R9 =0000000000016a40 R10=0000000000000004 R11=0000000000001278
R12=0000000000000000 R13=0000000000000000 R14=0000000000000000 R15=00000000000167e8
RIP=00000000000100a1 RFL=00000206 [-----P-] CPL=0 II=0 A20=1 SMM=0 HLT=0
ES =0020 0000000000000000 ffffffff 00cf9300 DPL=0 DS   [-WA]
CS =0018 0000000000000000 ffffffff 00af9a00 DPL=0 CS64 [-R-]
SS =0020 0000000000000000 ffffffff 00cf9300 DPL=0 DS   [-WA]
DS =0020 0000000000000000 ffffffff 00cf9300 DPL=0 DS   [-WA]
FS =0020 0000000000000000 ffffffff 00cf9300 DPL=0 DS   [-WA]
GS =0020 0000000000000000 ffffffff 00cf9300 DPL=0 DS   [-WA]
LDT=0000 0000000000000000 0000ffff 00008200 DPL=0 LDT
TR =0000 0000000000000000 0000ffff 00008b00 DPL=0 TSS64-busy
GDT=     0000000000007e03 00000027
IDT=     00000000000174e0 00000fff
CR0=80000011 CR2=0000000000000000 CR3=0000000000009000 CR4=00000020
DR0=0000000000000000 DR1=0000000000000000 DR2=0000000000000000 DR3=0000000000000000 
DR6=00000000ffff0ff0 DR7=0000000000000400
CCS=0000000000000004 CCD=000000000007ffb8 CCO=EFLAGS
EFER=0000000000000500
[35m[DEBUG] Spurious interrupt: vector 109

[0mServicing hardware INT=0x20
    18: v=20 e=0000 i=0 cpl=0 IP=0018:00000000000100a1 pc=00000000000100a1 SP=0020:000000000007ffe0 env->regs[R_EAX]=000000000000006d
RAX=000000000000006d RBX=0000000000000000 RCX=0000000000016a64 RDX=00000000000003f8
RSI=000000000000006d RDI=00000000000003f8 RBP=000000000007fff0 RSP=000000000007ffe0
R8 =0000000000000024 R9 =0000000000016a40 R10=0000000000000004 R11=0000000000001278
R12=0000000000000000 R13=0000000000000000 R14=0000000000000000 R15=00000000000167e8
RIP=00000000000100a1 RFL=00000206 [-----P-] CPL=0 II=0 A20=1 SMM=0 HLT=0
ES =0020 0000000000000000 ffffffff 00cf9300 DPL=0 DS   [-WA]
CS =0018 0000000000000000 ffffffff 00af9a00 DPL=0 CS64 [-R-]
SS =0020 0000000000000000 ffffffff 00cf9300 DPL=0 DS   [-WA]
DS =0020 0000000000000000 ffffffff 00cf9300 DPL=0 DS   [-WA]
FS =0020 0000000000000000 ffffffff 00cf9300 DPL=0 DS   [-WA]
GS =0020 0000000000000000 ffffffff 00cf9300 DPL=0 DS   [-WA]
LDT=0000 0000000000000000 0000ffff 00008200 DPL=0 LDT
TR =0000 0000000000000000 0000ffff 00008b00 DPL=0 TSS64-busy
GDT=     0000000000007e03 00000027
IDT=     00000000000174e0 00000fff
CR0=80000011 CR2=0000000000000000 CR3=0000000000009000 CR4=00000020
DR0=0000000000000000 DR1=0000000000000000 DR2=0000000000000000 DR3=0000000000000000 
DR6=00000000ffff0ff0 DR7=0000000000000400
CCS=0000000000000004 CCD=000000000007ffb8 CCO=EFLAGS
EFER=0000000000000500
[35m[DEBUG] Spurious interrupt: vector 109

[0mServicing hardware INT=0x20
    19: v=20 e=0000 i=0 cpl=0 IP=0018:00000000000100a1 pc=00000000000100a1 SP=0020:000000000007ffe0 env->regs[R_EAX]=000000000000006d
RAX=000000000000006d RBX=0000000000000000 RCX=0000000000016a64 RDX=00000000000003f8
RSI=000000000000006d RDI=00000000000003f8 RBP=000000000007fff0 RSP=000000000007ffe0
R8 =0000000000000024 R9 =0000000000016a40 R10=0000000000000004 R11=0000000000001278
R12=0000000000000000 R13=0000000000000000 R14=0000000000000000 R15=00000000000167e8
RIP=00000000000100a1 RFL=00000206 [-----P-] CPL=0 II=0 A20=1 SMM=0 HLT=0
ES =0020 0000000000000000 ffffffff 00cf9300 DPL=0 DS   [-WA]
CS =0018 0000000000000000 ffffffff 00af9a00 DPL=0 CS64 [-R-]
SS =0020 0000000000000000 ffffffff 00cf9300 DPL=0 DS   [-WA]
DS =0020 0000000000000000 ffffffff 00cf9300 DPL=0 DS   [-WA]
FS =0020 0000000000000000 ffffffff 00cf9300 DPL=0 DS   [-WA]
GS =0020 0000000000000000 ffffffff 00cf9300 DPL=0 DS   [-WA]
LDT=0000 0000000000000000 0000ffff 00008200 DPL=0 LDT
TR =0000 0000000000000000 0000ffff 00008b00 DPL=0 TSS64-busy
GDT=     0000000000007e03 00000027
IDT=     00000000000174e0 00000fff
CR0=80000011 CR2=0000000000000000 CR3=0000000000009000 CR4=00000020
DR0=0000000000000000 DR1=0000000000000000 DR2=0000000000000000 DR3=0000000000000000 
DR6=00000000ffff0ff0 DR7=0000000000000400
CCS=0000000000000004 CCD=000000000007ffb8 CCO=EFLAGS
EFER=0000000000000500
[35m[DEBUG] Spurious interrupt: vector 109

[0mServicing hardware INT=0x20
    20: v=20 e=0000 i=0 cpl=0 IP=0018:00000000000100a1 pc=00000000000100a1 SP=0020:000000000007ffe0 env->regs[R_EAX]=000000000000006d
RAX=000000000000006d RBX=0000000000000000 RCX=0000000000016a64 RDX=00000000000003f8
RSI=000000000000006d RDI=00000000000003f8 RBP=000000000007fff0 RSP=000000000007ffe0
R8 =0000000000000024 R9 =0000000000016a40 R10=0000000000000004 R11=0000000000001278
R12=0000000000000000 R13=0000000000000000 R14=0000000000000000 R15=00000000000167e8
RIP=00000000000100a1 RFL=00000206 [-----P-] CPL=0 II=0 A20=1 SMM=0 HLT=0
ES =0020 0000000000000000 ffffffff 00cf9300 DPL=0 DS   [-WA]
CS =0018 0000000000000000 ffffffff 00af9a00 DPL=0 CS64 [-R-]
SS =0020 0000000000000000 ffffffff 00cf9300 DPL=0 DS   [-WA]
DS =0020 0000000000000000 ffffffff 00cf9300 DPL=0 DS   [-WA]
FS =0020 0000000000000000 ffffffff 00cf9300 DPL=0 DS   [-WA]
GS =0020 0000000000000000 ffffffff 00cf9300 DPL=0 DS   [-WA]
LDT=0000 0000000000000000 0000ffff 00008200 DPL=0 LDT
TR =0000 0000000000000000 0000ffff 00008b00 DPL=0 TSS64-busy
GDT=     0000000000007e03 00000027
IDT=     00000000000174e0 00000fff
CR0=80000011 CR2=0000000000000000 CR3=0000000000009000 CR4=00000020
DR0=0000000000000000 DR1=0000000000000000 DR2=0000000000000000 DR3=0000000000000000 
DR6=00000000ffff0ff0 DR7=0000000000000400
CCS=0000000000000004 CCD=000000000007ffb8 CCO=EFLAGS
EFER=0000000000000500
[35m[DEBUG] Spurious interrupt: vector 109

[0mServicing hardware INT=0x20
    21: v=20 e=0000 i=0 cpl=0 IP=0018:00000000000100a1 pc=00000000000100a1 SP=0020:000000000007ffe0 env->regs[R_EAX]=000000000000006d
RAX=000000000000006d RBX=0000000000000000 RCX=0000000000016a64 RDX=00000000000003f8
RSI=000000000000006d RDI=00000000000003f8 RBP=000000000007fff0 RSP=000000000007ffe0
R8 =0000000000000024 R9 =0000000000016a40 R10=0000000000000004 R11=0000000000001278
R12=0000000000000000 R13=0000000000000000 R14=0000000000000000 R15=00000000000167e8
RIP=00000000000100a1 RFL=00000206 [-----P-] CPL=0 II=0 A20=1 SMM=0 HLT=0
ES =0020 0000000000000000 ffffffff 00cf9300 DPL=0 DS   [-WA]
CS =0018 0000000000000000 ffffffff 00af9a00 DPL=0 CS64 [-R-]
SS =0020 0000000000000000 ffffffff 00cf9300 DPL=0 DS   [-WA]
DS =0020 0000000000000000 ffffffff 00cf9300 DPL=0 DS   [-WA]
FS =0020 0000000000000000 ffffffff 00cf9300 DPL=0 DS   [-WA]
GS =0020 0000000000000000 ffffffff 00cf9300 DPL=0 DS   [-WA]
LDT=0000 0000000000000000 0000ffff 00008200 DPL=0 LDT
TR =0000 0000000000000000 0000ffff 00008b00 DPL=0 TSS64-busy
GDT=     0000000000007e03 00000027
IDT=     00000000000174e0 00000fff
CR0=80000011 CR2=0000000000000000 CR3=0000000000009000 CR4=00000020
DR0=0000000000000000 DR1=0000000000000000 DR2=0000000000000000 DR3=0000000000000000 
DR6=00000000ffff0ff0 DR7=0000000000000400
CCS=0000000000000004 CCD=000000000007ffb8 CCO=EFLAGS
EFER=0000000000000500
[35m[DEBUG] Spurious interrupt: vector 109

[0mServicing hardware INT=0x20
    22: v=20 e=0000 i=0 cpl=0 IP=0018:00000000000100a1 pc=00000000000100a1 SP=0020:000000000007ffe0 env->regs[R_EAX]=000000000000006d
RAX=000000000000006d RBX=0000000000000000 RCX=0000000000016a64 RDX=00000000000003f8
RSI=000000000000006d RDI=00000000000003f8 RBP=000000000007fff0 RSP=000000000007ffe0
R8 =0000000000000024 R9 =0000000000016a40 R10=0000000000000004 R11=0000000000001278
R12=0000000000000000 R13=0000000000000000 R14=0000000000000000 R15=00000000000167e8
RIP=00000000000100a1 RFL=00000206 [-----P-] CPL=0 II=0 A20=1 SMM=0 HLT=0
ES =0020 0000000000000000 ffffffff 00cf9300 DPL=0 DS   [-WA]
CS =0018 0000000000000000 ffffffff 00af9a00 DPL=0 CS64 [-R-]
SS =0020 0000000000000000 ffffffff 00cf9300 DPL=0 DS   [-WA]
DS =0020 0000000000000000 ffffffff 00cf9300 DPL=0 DS   [-WA]
FS =0020 0000000000000000 ffffffff 00cf9300 DPL=0 DS   [-WA]
GS =0020 0000000000000000 ffffffff 00cf9300 DPL=0 DS   [-WA]
LDT=0000 0000000000000000 0000ffff 00008200 DPL=0 LDT
TR =0000 0000000000000000 0000ffff 00008b00 DPL=0 TSS64-busy
GDT=     0000000000007e03 00000027
IDT=     00000000000174e0 00000fff
CR0=80000011 CR2=0000000000000000 CR3=0000000000009000 CR4=00000020
DR0=0000000000000000 DR1=0000000000000000 DR2=0000000000000000 DR3=0000000000000000 
DR6=00000000ffff0ff0 DR7=0000000000000400
CCS=0000000000000004 CCD=000000000007ffb8 CCO=EFLAGS
EFER=0000000000000500
[35m[DEBUG] Spurious interrupt: vector 109

[0mServicing hardware INT=0x20
    23: v=20 e=0000 i=0 cpl=0 IP=0018:00000000000100a1 pc=00000000000100a1 SP=0020:000000000007ffe0 env->regs[R_EAX]=000000000000006d
RAX=000000000000006d RBX=0000000000000000 RCX=0000000000016a64 RDX=00000000000003f8
RSI=000000000000006d RDI=00000000000003f8 RBP=000000000007fff0 RSP=000000000007ffe0
R8 =0000000000000024 R9 =0000000000016a40 R10=0000000000000004 R11=0000000000001278
R12=0000000000000000 R13=0000000000000000 R14=0000000000000000 R15=00000000000167e8
RIP=00000000000100a1 RFL=00000206 [-----P-] CPL=0 II=0 A20=1 SMM=0 HLT=0
ES =0020 0000000000000000 ffffffff 00cf9300 DPL=0 DS   [-WA]
CS =0018 0000000000000000 ffffffff 00af9a00 DPL=0 CS64 [-R-]
SS =0020 0000000000000000 ffffffff 00cf9300 DPL=0 DS   [-WA]
DS =0020 0000000000000000 ffffffff 00cf9300 DPL=0 DS   [-WA]
FS =0020 0000000000000000 ffffffff 00cf9300 DPL=0 DS   [-WA]
GS =0020 0000000000000000 ffffffff 00cf9300 DPL=0 DS   [-WA]
LDT=0000 0000000000000000 0000ffff 00008200 DPL=0 LDT
TR =0000 0000000000000000 0000ffff 00008b00 DPL=0 TSS64-busy
GDT=     0000000000007e03 00000027
IDT=     00000000000174e0 00000fff
CR0=80000011 CR2=0000000000000000 CR3=0000000000009000 CR4=00000020
DR0=0000000000000000 DR1=0000000000000000 DR2=0000000000000000 DR3=0000000000000000 
DR6=00000000ffff0ff0 DR7=0000000000000400
CCS=0000000000000004 CCD=000000000007ffb8 CCO=EFLAGS
EFER=0000000000000500
[35m[DEBUG] Spurious interrupt: vector 109

[0mServicing hardware INT=0x20
    24: v=20 e=0000 i=0 cpl=0 IP=0018:00000000000100a1 pc=00000000000100a1 SP=0020:000000000007ffe0 env->regs[R_EAX]=000000000000006d
RAX=000000000000006d RBX=0000000000000000 RCX=0000000000016a64 RDX=00000000000003f8
RSI=000000000000006d RDI=00000000000003f8 RBP=000000000007fff0 RSP=000000000007ffe0
R8 =0000000000000024 R9 =0000000000016a40 R10=0000000000000004 R11=0000000000001278
R12=0000000000000000 R13=0000000000000000 R14=0000000000000000 R15=00000000000167e8
RIP=00000000000100a1 RFL=00000206 [-----P-] CPL=0 II=0 A20=1 SMM=0 HLT=0
ES =0020 0000000000000000 ffffffff 00cf9300 DPL=0 DS   [-WA]
CS =0018 0000000000000000 ffffffff 00af9a00 DPL=0 CS64 [-R-]
SS =0020 0000000000000000 ffffffff 00cf9300 DPL=0 DS   [-WA]
DS =0020 0000000000000000 ffffffff 00cf9300 DPL=0 DS   [-WA]
FS =0020 0000000000000000 ffffffff 00cf9300 DPL=0 DS   [-WA]
GS =0020 0000000000000000 ffffffff 00cf9300 DPL=0 DS   [-WA]
LDT=0000 0000000000000000 0000ffff 00008200 DPL=0 LDT
TR =0000 0000000000000000 0000ffff 00008b00 DPL=0 TSS64-busy
GDT=     0000000000007e03 00000027
IDT=     00000000000174e0 00000fff
CR0=80000011 CR2=0000000000000000 CR3=0000000000009000 CR4=00000020
DR0=0000000000000000 DR1=0000000000000000 DR2=0000000000000000 DR3=0000000000000000 
DR6=00000000ffff0ff0 DR7=0000000000000400
CCS=0000000000000004 CCD=000000000007ffb8 CCO=EFLAGS
EFER=0000000000000500
[35m[DEBUG] Spurious interrupt: vector 109

[0mServicing hardware INT=0x20
    25: v=20 e=0000 i=0 cpl=0 IP=0018:00000000000100a1 pc=00000000000100a1 SP=0020:000000000007ffe0 env->regs[R_EAX]=000000000000006d
RAX=000000000000006d RBX=0000000000000000 RCX=0000000000016a64 RDX=00000000000003f8
RSI=000000000000006d RDI=00000000000003f8 RBP=000000000007fff0 RSP=000000000007ffe0
R8 =0000000000000024 R9 =0000000000016a40 R10=0000000000000004 R11=0000000000001278
R12=0000000000000000 R13=0000000000000000 R14=0000000000000000 R15=00000000000167e8
RIP=00000000000100a1 RFL=00000206 [-----P-] CPL=0 II=0 A20=1 SMM=0 HLT=0
ES =0020 0000000000000000 ffffffff 00cf9300 DPL=0 DS   [-WA]
CS =0018 0000000000000000 ffffffff 00af9a00 DPL=0 CS64 [-R-]
SS =0020 0000000000000000 ffffffff 00cf9300 DPL=0 DS   [-WA]
DS =0020 0000000000000000 ffffffff 00cf9300 DPL=0 DS   [-WA]
FS =0020 0000000000000000 ffffffff 00cf9300 DPL=0 DS   [-WA]
GS =0020 0000000000000000 ffffffff 00cf9300 DPL=0 DS   [-WA]
LDT=0000 0000000000000000 0000ffff 00008200 DPL=0 LDT
TR =0000 0000000000000000 0000ffff 00008b00 DPL=0 TSS64-busy
GDT=     0000000000007e03 00000027
IDT=     00000000000174e0 00000fff
CR0=80000011 CR2=0000000000000000 CR3=0000000000009000 CR4=00000020
DR0=0000000000000000 DR1=0000000000000000 DR2=0000000000000000 DR3=0000000000000000 
DR6=00000000ffff0ff0 DR7=0000000000000400
CCS=0000000000000004 CCD=000000000007ffb8 CCO=EFLAGS
EFER=0000000000000500
[35m[DEBUG] Spurious interrupt: vector 109

[0mServicing hardware INT=0x20
    26: v=20 e=0000 i=0 cpl=0 IP=0018:00000000000100a1 pc=00000000000100a1 SP=0020:000000000007ffe0 env->regs[R_EAX]=000000000000006d
RAX=000000000000006d RBX=0000000000000000 RCX=0000000000016a64 RDX=00000000000003f8
RSI=000000000000006d RDI=00000000000003f8 RBP=000000000007fff0 RSP=000000000007ffe0
R8 =0000000000000024 R9 =0000000000016a40 R10=0000000000000004 R11=0000000000001278
R12=0000000000000000 R13=0000000000000000 R14=0000000000000000 R15=00000000000167e8
RIP=00000000000100a1 RFL=00000206 [-----P-] CPL=0 II=0 A20=1 SMM=0 HLT=0
ES =0020 0000000000000000 ffffffff 00cf9300 DPL=0 DS   [-WA]
CS =0018 0000000000000000 ffffffff 00af9a00 DPL=0 CS64 [-R-]
SS =0020 0000000000000000 ffffffff 00cf9300 DPL=0 DS   [-WA]
DS =0020 0000000000000000 ffffffff 00cf9300 DPL=0 DS   [-WA]
FS =0020 0000000000000000 ffffffff 00cf9300 DPL=0 DS   [-WA]
GS =0020 0000000000000000 ffffffff 00cf9300 DPL=0 DS   [-WA]
LDT=0000 0000000000000000 0000ffff 00008200 DPL=0 LDT
TR =0000 0000000000000000 0000ffff 00008b00 DPL=0 TSS64-busy
GDT=     0000000000007e03 00000027
IDT=     00000000000174e0 00000fff
CR0=80000011 CR2=0000000000000000 CR3=0000000000009000 CR4=00000020
DR0=0000000000000000 DR1=0000000000000000 DR2=0000000000000000 DR3=0000000000000000 
DR6=00000000ffff0ff0 DR7=0000000000000400
CCS=0000000000000004 CCD=000000000007ffb8 CCO=EFLAGS
EFER=0000000000000500
[35m[DEBUG] Spurious interrupt: vector 109

[0mServicing hardware INT=0x20
    27: v=20 e=0000 i=0 cpl=0 IP=0018:00000000000100a1 pc=00000000000100a1 SP=0020:000000000007ffe0 env->regs[R_EAX]=000000000000006d
RAX=000000000000006d RBX=0000000000000000 RCX=0000000000016a64 RDX=00000000000003f8
RSI=000000000000006d RDI=00000000000003f8 RBP=000000000007fff0 RSP=000000000007ffe0
R8 =0000000000000024 R9 =0000000000016a40 R10=0000000000000004 R11=0000000000001278
R12=0000000000000000 R13=0000000000000000 R14=0000000000000000 R15=00000000000167e8
RIP=00000000000100a1 RFL=00000206 [-----P-] CPL=0 II=0 A20=1 SMM=0 HLT=0
ES =0020 0000000000000000 ffffffff 00cf9300 DPL=0 DS   [-WA]
CS =0018 0000000000000000 ffffffff 00af9a00 DPL=0 CS64 [-R-]
SS =0020 0000000000000000 ffffffff 00cf9300 DPL=0 DS   [-WA]
DS =0020 0000000000000000 ffffffff 00cf9300 DPL=0 DS   [-WA]
FS =0020 0000000000000000 ffffffff 00cf9300 DPL=0 DS   [-WA]
GS =0020 0000000000000000 ffffffff 00cf9300 DPL=0 DS   [-WA]
LDT=0000 0000000000000000 0000ffff 00008200 DPL=0 LDT
TR =0000 0000000000000000 0000ffff 00008b00 DPL=0 TSS64-busy
GDT=     0000000000007e03 00000027
IDT=     00000000000174e0 00000fff
CR0=80000011 CR2=0000000000000000 CR3=0000000000009000 CR4=00000020
DR0=0000000000000000 DR1=0000000000000000 DR2=0000000000000000 DR3=0000000000000000 
DR6=00000000ffff0ff0 DR7=0000000000000400
CCS=0000000000000004 CCD=000000000007ffb8 CCO=EFLAGS
EFER=0000000000000500
[35m[DEBUG] Spurious interrupt: vector 109

[0mServicing hardware INT=0x20
    28: v=20 e=0000 i=0 cpl=0 IP=0018:00000000000100a1 pc=00000000000100a1 SP=0020:000000000007ffe0 env->regs[R_EAX]=000000000000006d
RAX=000000000000006d RBX=0000000000000000 RCX=0000000000016a64 RDX=00000000000003f8
RSI=000000000000006d RDI=00000000000003f8 RBP=000000000007fff0 RSP=000000000007ffe0
R8 =0000000000000024 R9 =0000000000016a40 R10=0000000000000004 R11=0000000000001278
R12=0000000000000000 R13=0000000000000000 R14=0000000000000000 R15=00000000000167e8
RIP=00000000000100a1 RFL=00000206 [-----P-] CPL=0 II=0 A20=1 SMM=0 HLT=0
ES =0020 0000000000000000 ffffffff 00cf9300 DPL=0 DS   [-WA]
CS =0018 0000000000000000 ffffffff 00af9a00 DPL=0 CS64 [-R-]
SS =0020 0000000000000000 ffffffff 00cf9300 DPL=0 DS   [-WA]
DS =0020 0000000000000000 ffffffff 00cf9300 DPL=0 DS   [-WA]
FS =0020 0000000000000000 ffffffff 00cf9300 DPL=0 DS   [-WA]
GS =0020 0000000000000000 ffffffff 00cf9300 DPL=0 DS   [-WA]
LDT=0000 0000000000000000 0000ffff 00008200 DPL=0 LDT
TR =0000 0000000000000000 0000ffff 00008b00 DPL=0 TSS64-busy
GDT=     0000000000007e03 00000027
IDT=     00000000000174e0 00000fff
CR0=80000011 CR2=0000000000000000 CR3=0000000000009000 CR4=00000020
DR0=0000000000000000 DR1=0000000000000000 DR2=0000000000000000 DR3=0000000000000000 
DR6=00000000ffff0ff0 DR7=0000000000000400
CCS=0000000000000004 CCD=000000000007ffb8 CCO=EFLAGS
EFER=0000000000000500
[35m[DEBUG] Spurious interrupt: vector 109

[0mServicing hardware INT=0x20
    29: v=20 e=0000 i=0 cpl=0 IP=0018:00000000000100a1 pc=00000000000100a1 SP=0020:000000000007ffe0 env->regs[R_EAX]=000000000000006d
RAX=000000000000006d RBX=0000000000000000 RCX=0000000000016a64 RDX=00000000000003f8
RSI=000000000000006d RDI=00000000000003f8 RBP=000000000007fff0 RSP=000000000007ffe0
R8 =0000000000000024 R9 =0000000000016a40 R10=0000000000000004 R11=0000000000001278
R12=0000000000000000 R13=0000000000000000 R14=0000000000000000 R15=00000000000167e8
RIP=00000000000100a1 RFL=00000206 [-----P-] CPL=0 II=0 A20=1 SMM=0 HLT=0
ES =0020 0000000000000000 ffffffff 00cf9300 DPL=0 DS   [-WA]
CS =0018 0000000000000000 ffffffff 00af9a00 DPL=0 CS64 [-R-]
SS =0020 0000000000000000 ffffffff 00cf9300 DPL=0 DS   [-WA]
DS =0020 0000000000000000 ffffffff 00cf9300 DPL=0 DS   [-WA]
FS =0020 0000000000000000 ffffffff 00cf9300 DPL=0 DS   [-WA]
GS =0020 0000000000000000 ffffffff 00cf9300 DPL=0 DS   [-WA]
LDT=0000 0000000000000000 0000ffff 00008200 DPL=0 LDT
TR =0000 0000000000000000 0000ffff 00008b00 DPL=0 TSS64-busy
GDT=     0000000000007e03 00000027
IDT=     00000000000174e0 00000fff
CR0=80000011 CR2=0000000000000000 CR3=0000000000009000 CR4=00000020
DR0=0000000000000000 DR1=0000000000000000 DR2=0000000000000000 DR3=0000000000000000 
DR6=00000000ffff0ff0 DR7=0000000000000400
CCS=0000000000000004 CCD=000000000007ffb8 CCO=EFLAGS
EFER=0000000000000500
[35m[DEBUG] Spurious interrupt: vector 109

[0mServicing hardware INT=0x20
    30: v=20 e=0000 i=0 cpl=0 IP=0018:00000000000100a1 pc=00000000000100a1 SP=0020:000000000007ffe0 env->regs[R_EAX]=000000000000006d
RAX=000000000000006d RBX=0000000000000000 RCX=0000000000016a64 RDX=00000000000003f8
RSI=000000000000006d RDI=00000000000003f8 RBP=000000000007fff0 RSP=000000000007ffe0
R8 =0000000000000024 R9 =0000000000016a40 R10=0000000000000004 R11=0000000000001278
R12=0000000000000000 R13=0000000000000000 R14=0000000000000000 R15=00000000000167e8
RIP=00000000000100a1 RFL=00000206 [-----P-] CPL=0 II=0 A20=1 SMM=0 HLT=0
ES =0020 0000000000000000 ffffffff 00cf9300 DPL=0 DS   [-WA]
CS =0018 0000000000000000 ffffffff 00af9a00 DPL=0 CS64 [-R-]
SS =0020 0000000000000000 ffffffff 00cf9300 DPL=0 DS   [-WA]
DS =0020 0000000000000000 ffffffff 00cf9300 DPL=0 DS   [-WA]
FS =0020 0000000000000000 ffffffff 00cf9300 DPL=0 DS   [-WA]
GS =0020 0000000000000000 ffffffff 00cf9300 DPL=0 DS   [-WA]
LDT=0000 0000000000000000 0000ffff 00008200 DPL=0 LDT
TR =0000 0000000000000000 0000ffff 00008b00 DPL=0 TSS64-busy
GDT=     0000000000007e03 00000027
IDT=     00000000000174e0 00000fff
CR0=80000011 CR2=0000000000000000 CR3=0000000000009000 CR4=00000020
DR0=0000000000000000 DR1=0000000000000000 DR2=0000000000000000 DR3=0000000000000000 
DR6=00000000ffff0ff0 DR7=0000000000000400
CCS=0000000000000004 CCD=000000000007ffb8 CCO=EFLAGS
EFER=0000000000000500
[35m[DEBUG] Spurious interrupt: vector 109

[0mServicing hardware INT=0x20
    31: v=20 e=0000 i=0 cpl=0 IP=0018:00000000000100a1 pc=00000000000100a1 SP=0020:000000000007ffe0 env->regs[R_EAX]=000000000000006d
RAX=000000000000006d RBX=0000000000000000 RCX=0000000000016a64 RDX=00000000000003f8
RSI=000000000000006d RDI=00000000000003f8 RBP=000000000007fff0 RSP=000000000007ffe0
R8 =0000000000000024 R9 =0000000000016a40 R10=0000000000000004 R11=0000000000001278
R12=0000000000000000 R13=0000000000000000 R14=0000000000000000 R15=00000000000167e8
RIP=00000000000100a1 RFL=00000206 [-----P-] CPL=0 II=0 A20=1 SMM=0 HLT=0
ES =0020 0000000000000000 ffffffff 00cf9300 DPL=0 DS   [-WA]
CS =0018 0000000000000000 ffffffff 00af9a00 DPL=0 CS64 [-R-]
SS =0020 0000000000000000 ffffffff 00cf9300 DPL=0 DS   [-WA]
DS =0020 0000000000000000 ffffffff 00cf9300 DPL=0 DS   [-WA]
FS =0020 0000000000000000 ffffffff 00cf9300 DPL=0 DS   [-WA]
GS =0020 0000000000000000 ffffffff 00cf9300 DPL=0 DS   [-WA]
LDT=0000 0000000000000000 0000ffff 00008200 DPL=0 LDT
TR =0000 0000000000000000 0000ffff 00008b00 DPL=0 TSS64-busy
GDT=     0000000000007e03 00000027
IDT=     00000000000174e0 00000fff
CR0=80000011 CR2=0000000000000000 CR3=0000000000009000 CR4=00000020
DR0=0000000000000000 DR1=0000000000000000 DR2=0000000000000000 DR3=0000000000000000 
DR6=00000000ffff0ff0 DR7=0000000000000400
CCS=0000000000000004 CCD=000000000007ffb8 CCO=EFLAGS
EFER=0000000000000500
[35m[DEBUG] Spurious interrupt: vector 109

[0mServicing hardware INT=0x20
    32: v=20 e=0000 i=0 cpl=0 IP=0018:00000000000100a1 pc=00000000000100a1 SP=0020:000000000007ffe0 env->regs[R_EAX]=000000000000006d
RAX=000000000000006d RBX=0000000000000000 RCX=0000000000016a64 RDX=00000000000003f8
RSI=000000000000006d RDI=00000000000003f8 RBP=000000000007fff0 RSP=000000000007ffe0
R8 =0000000000000024 R9 =0000000000016a40 R10=0000000000000004 R11=0000000000001278
R12=0000000000000000 R13=0000000000000000 R14=0000000000000000 R15=00000000000167e8
RIP=00000000000100a1 RFL=00000206 [-----P-] CPL=0 II=0 A20=1 SMM=0 HLT=0
ES =0020 0000000000000000 ffffffff 00cf9300 DPL=0 DS   [-WA]
CS =0018 0000000000000000 ffffffff 00af9a00 DPL=0 CS64 [-R-]
SS =0020 0000000000000000 ffffffff 00cf9300 DPL=0 DS   [-WA]
DS =0020 0000000000000000 ffffffff 00cf9300 DPL=0 DS   [-WA]
FS =0020 0000000000000000 ffffffff 00cf9300 DPL=0 DS   [-WA]
GS =0020 0000000000000000 ffffffff 00cf9300 DPL=0 DS   [-WA]
LDT=0000 0000000000000000 0000ffff 00008200 DPL=0 LDT
TR =0000 0000000000000000 0000ffff 00008b00 DPL=0 TSS64-busy
GDT=     0000000000007e03 00000027
IDT=     00000000000174e0 00000fff
CR0=80000011 CR2=0000000000000000 CR3=0000000000009000 CR4=00000020
DR0=0000000000000000 DR1=0000000000000000 DR2=0000000000000000 DR3=0000000000000000 
DR6=00000000ffff0ff0 DR7=0000000000000400
CCS=0000000000000004 CCD=000000000007ffb8 CCO=EFLAGS
EFER=0000000000000500
[35m[DEBUG] Spurious interrupt: vector 109

[0mServicing hardware INT=0x20
    33: v=20 e=0000 i=0 cpl=0 IP=0018:00000000000100a1 pc=00000000000100a1 SP=0020:000000000007ffe0 env->regs[R_EAX]=000000000000006d
RAX=000000000000006d RBX=0000000000000000 RCX=0000000000016a64 RDX=00000000000003f8
RSI=000000000000006d RDI=00000000000003f8 RBP=000000000007fff0 RSP=000000000007ffe0
R8 =0000000000000024 R9 =0000000000016a40 R10=0000000000000004 R11=0000000000001278
R12=0000000000000000 R13=0000000000000000 R14=0000000000000000 R15=00000000000167e8
RIP=00000000000100a1 RFL=00000206 [-----P-] CPL=0 II=0 A20=1 SMM=0 HLT=0
ES =0020 0000000000000000 ffffffff 00cf9300 DPL=0 DS   [-WA]
CS =0018 0000000000000000 ffffffff 00af9a00 DPL=0 CS64 [-R-]
SS =0020 0000000000000000 ffffffff 00cf9300 DPL=0 DS   [-WA]
DS =0020 0000000000000000 ffffffff 00cf9300 DPL=0 DS   [-WA]
FS =0020 0000000000000000 ffffffff 00cf9300 DPL=0 DS   [-WA]
GS =0020 0000000000000000 ffffffff 00cf9300 DPL=0 DS   [-WA]
LDT=0000 0000000000000000 0000ffff 00008200 DPL=0 LDT
TR =0000 0000000000000000 0000ffff 00008b00 DPL=0 TSS64-busy
GDT=     0000000000007e03 00000027
IDT=     00000000000174e0 00000fff
CR0=80000011 CR2=0000000000000000 CR3=0000000000009000 CR4=00000020
DR0=0000000000000000 DR1=0000000000000000 DR2=0000000000000000 DR3=0000000000000000 
DR6=00000000ffff0ff0 DR7=0000000000000400
CCS=0000000000000004 CCD=000000000007ffb8 CCO=EFLAGS
EFER=0000000000000500
[35m[DEBUG] Spurious interrupt: vector 109

[0mServicing hardware INT=0x20
    34: v=20 e=0000 i=0 cpl=0 IP=0018:00000000000100a1 pc=00000000000100a1 SP=0020:000000000007ffe0 env->regs[R_EAX]=000000000000006d
RAX=000000000000006d RBX=0000000000000000 RCX=0000000000016a64 RDX=00000000000003f8
RSI=000000000000006d RDI=00000000000003f8 RBP=000000000007fff0 RSP=000000000007ffe0
R8 =0000000000000024 R9 =0000000000016a40 R10=0000000000000004 R11=0000000000001278
R12=0000000000000000 R13=0000000000000000 R14=0000000000000000 R15=00000000000167e8
RIP=00000000000100a1 RFL=00000206 [-----P-] CPL=0 II=0 A20=1 SMM=0 HLT=0
ES =0020 0000000000000000 ffffffff 00cf9300 DPL=0 DS   [-WA]
CS =0018 0000000000000000 ffffffff 00af9a00 DPL=0 CS64 [-R-]
SS =0020 0000000000000000 ffffffff 00cf9300 DPL=0 DS   [-WA]
DS =0020 0000000000000000 ffffffff 00cf9300 DPL=0 DS   [-WA]
FS =0020 0000000000000000 ffffffff 00cf9300 DPL=0 DS   [-WA]
GS =0020 0000000000000000 ffffffff 00cf9300 DPL=0 DS   [-WA]
LDT=0000 0000000000000000 0000ffff 00008200 DPL=0 LDT
TR =0000 0000000000000000 0000ffff 00008b00 DPL=0 TSS64-busy
GDT=     0000000000007e03 00000027
IDT=     00000000000174e0 00000fff
CR0=80000011 CR2=0000000000000000 CR3=0000000000009000 CR4=00000020
DR0=0000000000000000 DR1=0000000000000000 DR2=0000000000000000 DR3=0000000000000000 
DR6=00000000ffff0ff0 DR7=0000000000000400
CCS=0000000000000004 CCD=000000000007ffb8 CCO=EFLAGS
EFER=0000000000000500
[35m[DEBUG] Spurious interrupt: vector 109

[0mServicing hardware INT=0x20
    35: v=20 e=0000 i=0 cpl=0 IP=0018:00000000000100a1 pc=00000000000100a1 SP=0020:000000000007ffe0 env->regs[R_EAX]=000000000000006d
RAX=000000000000006d RBX=0000000000000000 RCX=0000000000016a64 RDX=00000000000003f8
RSI=000000000000006d RDI=00000000000003f8 RBP=000000000007fff0 RSP=000000000007ffe0
R8 =0000000000000024 R9 =0000000000016a40 R10=0000000000000004 R11=0000000000001278
R12=0000000000000000 R13=0000000000000000 R14=0000000000000000 R15=00000000000167e8
RIP=00000000000100a1 RFL=00000206 [-----P-] CPL=0 II=0 A20=1 SMM=0 HLT=0
ES =0020 0000000000000000 ffffffff 00cf9300 DPL=0 DS   [-WA]
CS =0018 0000000000000000 ffffffff 00af9a00 DPL=0 CS64 [-R-]
SS =0020 0000000000000000 ffffffff 00cf9300 DPL=0 DS   [-WA]
DS =0020 0000000000000000 ffffffff 00cf9300 DPL=0 DS   [-WA]
FS =0020 0000000000000000 ffffffff 00cf9300 DPL=0 DS   [-WA]
GS =0020 0000000000000000 ffffffff 00cf9300 DPL=0 DS   [-WA]
LDT=0000 0000000000000000 0000ffff 00008200 DPL=0 LDT
TR =0000 0000000000000000 0000ffff 00008b00 DPL=0 TSS64-busy
GDT=     0000000000007e03 00000027
IDT=     00000000000174e0 00000fff
CR0=80000011 CR2=0000000000000000 CR3=0000000000009000 CR4=00000020
DR0=0000000000000000 DR1=0000000000000000 DR2=0000000000000000 DR3=0000000000000000 
DR6=00000000ffff0ff0 DR7=0000000000000400
CCS=0000000000000004 CCD=000000000007ffb8 CCO=EFLAGS
EFER=0000000000000500
[35m[DEBUG] Spurious interrupt: vector 109

[0mServicing hardware INT=0x20
    36: v=20 e=0000 i=0 cpl=0 IP=0018:00000000000100a1 pc=00000000000100a1 SP=0020:000000000007ffe0 env->regs[R_EAX]=000000000000006d
RAX=000000000000006d RBX=0000000000000000 RCX=0000000000016a64 RDX=00000000000003f8
RSI=000000000000006d RDI=00000000000003f8 RBP=000000000007fff0 RSP=000000000007ffe0
R8 =0000000000000024 R9 =0000000000016a40 R10=0000000000000004 R11=0000000000001278
R12=0000000000000000 R13=0000000000000000 R14=0000000000000000 R15=00000000000167e8
RIP=00000000000100a1 RFL=00000206 [-----P-] CPL=0 II=0 A20=1 SMM=0 HLT=0
ES =0020 0000000000000000 ffffffff 00cf9300 DPL=0 DS   [-WA]
CS =0018 0000000000000000 ffffffff 00af9a00 DPL=0 CS64 [-R-]
SS =0020 0000000000000000 ffffffff 00cf9300 DPL=0 DS   [-WA]
DS =0020 0000000000000000 ffffffff 00cf9300 DPL=0 DS   [-WA]
FS =0020 0000000000000000 ffffffff 00cf9300 DPL=0 DS   [-WA]
GS =0020 0000000000000000 ffffffff 00cf9300 DPL=0 DS   [-WA]
LDT=0000 0000000000000000 0000ffff 00008200 DPL=0 LDT
TR =0000 0000000000000000 0000ffff 00008b00 DPL=0 TSS64-busy
GDT=     0000000000007e03 00000027
IDT=     00000000000174e0 00000fff
CR0=80000011 CR2=0000000000000000 CR3=0000000000009000 CR4=00000020
DR0=0000000000000000 DR1=0000000000000000 DR2=0000000000000000 DR3=0000000000000000 
DR6=00000000ffff0ff0 DR7=0000000000000400
CCS=0000000000000004 CCD=000000000007ffb8 CCO=EFLAGS
EFER=0000000000000500
[35m[DEBUG] Spurious interrupt: vector 109

[0mServicing hardware INT=0x20
    37: v=20 e=0000 i=0 cpl=0 IP=0018:00000000000100a1 pc=00000000000100a1 SP=0020:000000000007ffe0 env->regs[R_EAX]=000000000000006d
RAX=000000000000006d RBX=0000000000000000 RCX=0000000000016a64 RDX=00000000000003f8
RSI=000000000000006d RDI=00000000000003f8 RBP=000000000007fff0 RSP=000000000007ffe0
R8 =0000000000000024 R9 =0000000000016a40 R10=0000000000000004 R11=0000000000001278
R12=0000000000000000 R13=0000000000000000 R14=0000000000000000 R15=00000000000167e8
RIP=00000000000100a1 RFL=00000206 [-----P-] CPL=0 II=0 A20=1 SMM=0 HLT=0
ES =0020 0000000000000000 ffffffff 00cf9300 DPL=0 DS   [-WA]
CS =0018 0000000000000000 ffffffff 00af9a00 DPL=0 CS64 [-R-]
SS =0020 0000000000000000 ffffffff 00cf9300 DPL=0 DS   [-WA]
DS =0020 0000000000000000 ffffffff 00cf9300 DPL=0 DS   [-WA]
FS =0020 0000000000000000 ffffffff 00cf9300 DPL=0 DS   [-WA]
GS =0020 0000000000000000 ffffffff 00cf9300 DPL=0 DS   [-WA]
LDT=0000 0000000000000000 0000ffff 00008200 DPL=0 LDT
TR =0000 0000000000000000 0000ffff 00008b00 DPL=0 TSS64-busy
GDT=     0000000000007e03 00000027
IDT=     00000000000174e0 00000fff
CR0=80000011 CR2=0000000000000000 CR3=0000000000009000 CR4=00000020
DR0=0000000000000000 DR1=0000000000000000 DR2=0000000000000000 DR3=0000000000000000 
DR6=00000000ffff0ff0 DR7=0000000000000400
CCS=0000000000000004 CCD=000000000007ffb8 CCO=EFLAGS
EFER=0000000000000500
[35m[DEBUG] Spurious interrupt: vector 109

[0mServicing hardware INT=0x20
    38: v=20 e=0000 i=0 cpl=0 IP=0018:00000000000100a1 pc=00000000000100a1 SP=0020:000000000007ffe0 env->regs[R_EAX]=000000000000006d
RAX=000000000000006d RBX=0000000000000000 RCX=0000000000016a64 RDX=00000000000003f8
RSI=000000000000006d RDI=00000000000003f8 RBP=000000000007fff0 RSP=000000000007ffe0
R8 =0000000000000024 R9 =0000000000016a40 R10=0000000000000004 R11=0000000000001278
R12=0000000000000000 R13=0000000000000000 R14=0000000000000000 R15=00000000000167e8
RIP=00000000000100a1 RFL=00000206 [-----P-] CPL=0 II=0 A20=1 SMM=0 HLT=0
ES =0020 0000000000000000 ffffffff 00cf9300 DPL=0 DS   [-WA]
CS =0018 0000000000000000 ffffffff 00af9a00 DPL=0 CS64 [-R-]
SS =0020 0000000000000000 ffffffff 00cf9300 DPL=0 DS   [-WA]
DS =0020 0000000000000000 ffffffff 00cf9300 DPL=0 DS   [-WA]
FS =0020 0000000000000000 ffffffff 00cf9300 DPL=0 DS   [-WA]
GS =0020 0000000000000000 ffffffff 00cf9300 DPL=0 DS   [-WA]
LDT=0000 0000000000000000 0000ffff 00008200 DPL=0 LDT
TR =0000 0000000000000000 0000ffff 00008b00 DPL=0 TSS64-busy
GDT=     0000000000007e03 00000027
IDT=     00000000000174e0 00000fff
CR0=80000011 CR2=0000000000000000 CR3=0000000000009000 CR4=00000020
DR0=0000000000000000 DR1=0000000000000000 DR2=0000000000000000 DR3=0000000000000000 
DR6=00000000ffff0ff0 DR7=0000000000000400
CCS=0000000000000004 CCD=000000000007ffb8 CCO=EFLAGS
EFER=0000000000000500
[35m[DEBUG] Spurious interrupt: vector 109

[0mServicing hardware INT=0x20
    39: v=20 e=0000 i=0 cpl=0 IP=0018:00000000000100a1 pc=00000000000100a1 SP=0020:000000000007ffe0 env->regs[R_EAX]=000000000000006d
RAX=000000000000006d RBX=0000000000000000 RCX=0000000000016a64 RDX=00000000000003f8
RSI=000000000000006d RDI=00000000000003f8 RBP=000000000007fff0 RSP=000000000007ffe0
R8 =0000000000000024 R9 =0000000000016a40 R10=0000000000000004 R11=0000000000001278
R12=0000000000000000 R13=0000000000000000 R14=0000000000000000 R15=00000000000167e8
RIP=00000000000100a1 RFL=00000206 [-----P-] CPL=0 II=0 A20=1 SMM=0 HLT=0
ES =0020 0000000000000000 ffffffff 00cf9300 DPL=0 DS   [-WA]
CS =0018 0000000000000000 ffffffff 00af9a00 DPL=0 CS64 [-R-]
SS =0020 0000000000000000 ffffffff 00cf9300 DPL=0 DS   [-WA]
DS =0020 0000000000000000 ffffffff 00cf9300 DPL=0 DS   [-WA]
FS =0020 0000000000000000 ffffffff 00cf9300 DPL=0 DS   [-WA]
GS =0020 0000000000000000 ffffffff 00cf9300 DPL=0 DS   [-WA]
LDT=0000 0000000000000000 0000ffff 00008200 DPL=0 LDT
TR =0000 0000000000000000 0000ffff 00008b00 DPL=0 TSS64-busy
GDT=     0000000000007e03 00000027
IDT=     00000000000174e0 00000fff
CR0=80000011 CR2=0000000000000000 CR3=0000000000009000 CR4=00000020
DR0=0000000000000000 DR1=0000000000000000 DR2=0000000000000000 DR3=0000000000000000 
DR6=00000000ffff0ff0 DR7=0000000000000400
CCS=0000000000000004 CCD=000000000007ffb8 CCO=EFLAGS
EFER=0000000000000500
[35m[DEBUG] Spurious interrupt: vector 109

[0mServicing hardware INT=0x20
    40: v=20 e=0000 i=0 cpl=0 IP=0018:00000000000100a1 pc=00000000000100a1 SP=0020:000000000007ffe0 env->regs[R_EAX]=000000000000006d
RAX=000000000000006d RBX=0000000000000000 RCX=0000000000016a64 RDX=00000000000003f8
RSI=000000000000006d RDI=00000000000003f8 RBP=000000000007fff0 RSP=000000000007ffe0
R8 =0000000000000024 R9 =0000000000016a40 R10=0000000000000004 R11=0000000000001278
R12=0000000000000000 R13=0000000000000000 R14=0000000000000000 R15=00000000000167e8
RIP=00000000000100a1 RFL=00000206 [-----P-] CPL=0 II=0 A20=1 SMM=0 HLT=0
ES =0020 0000000000000000 ffffffff 00cf9300 DPL=0 DS   [-WA]
CS =0018 0000000000000000 ffffffff 00af9a00 DPL=0 CS64 [-R-]
SS =0020 0000000000000000 ffffffff 00cf9300 DPL=0 DS   [-WA]
DS =0020 0000000000000000 ffffffff 00cf9300 DPL=0 DS   [-WA]
FS =0020 0000000000000000 ffffffff 00cf9300 DPL=0 DS   [-WA]
GS =0020 0000000000000000 ffffffff 00cf9300 DPL=0 DS   [-WA]
LDT=0000 0000000000000000 0000ffff 00008200 DPL=0 LDT
TR =0000 0000000000000000 0000ffff 00008b00 DPL=0 TSS64-busy
GDT=     0000000000007e03 00000027
IDT=     00000000000174e0 00000fff
CR0=80000011 CR2=0000000000000000 CR3=0000000000009000 CR4=00000020
DR0=0000000000000000 DR1=0000000000000000 DR2=0000000000000000 DR3=0000000000000000 
DR6=00000000ffff0ff0 DR7=0000000000000400
CCS=0000000000000004 CCD=000000000007ffb8 CCO=EFLAGS
EFER=0000000000000500
[35m[DEBUG] Spurious interrupt: vector 109

[0mServicing hardware INT=0x20
    41: v=20 e=0000 i=0 cpl=0 IP=0018:00000000000100a1 pc=00000000000100a1 SP=0020:000000000007ffe0 env->regs[R_EAX]=000000000000006d
RAX=000000000000006d RBX=0000000000000000 RCX=0000000000016a64 RDX=00000000000003f8
RSI=000000000000006d RDI=00000000000003f8 RBP=000000000007fff0 RSP=000000000007ffe0
R8 =0000000000000024 R9 =0000000000016a40 R10=0000000000000004 R11=0000000000001278
R12=0000000000000000 R13=0000000000000000 R14=0000000000000000 R15=00000000000167e8
RIP=00000000000100a1 RFL=00000206 [-----P-] CPL=0 II=0 A20=1 SMM=0 HLT=0
ES =0020 0000000000000000 ffffffff 00cf9300 DPL=0 DS   [-WA]
CS =0018 0000000000000000 ffffffff 00af9a00 DPL=0 CS64 [-R-]
SS =0020 0000000000000000 ffffffff 00cf9300 DPL=0 DS   [-WA]
DS =0020 0000000000000000 ffffffff 00cf9300 DPL=0 DS   [-WA]
FS =0020 0000000000000000 ffffffff 00cf9300 DPL=0 DS   [-WA]
GS =0020 0000000000000000 ffffffff 00cf9300 DPL=0 DS   [-WA]
LDT=0000 0000000000000000 0000ffff 00008200 DPL=0 LDT
TR =0000 0000000000000000 0000ffff 00008b00 DPL=0 TSS64-busy
GDT=     0000000000007e03 00000027
IDT=     00000000000174e0 00000fff
CR0=80000011 CR2=0000000000000000 CR3=0000000000009000 CR4=00000020
DR0=0000000000000000 DR1=0000000000000000 DR2=0000000000000000 DR3=0000000000000000 
DR6=00000000ffff0ff0 DR7=0000000000000400
CCS=0000000000000004 CCD=000000000007ffb8 CCO=EFLAGS
EFER=0000000000000500
[35m[DEBUG] Spurious interrupt: vector 109

[0mServicing hardware INT=0x20
    42: v=20 e=0000 i=0 cpl=0 IP=0018:00000000000100a1 pc=00000000000100a1 SP=0020:000000000007ffe0 env->regs[R_EAX]=000000000000006d
RAX=000000000000006d RBX=0000000000000000 RCX=0000000000016a64 RDX=00000000000003f8
RSI=000000000000006d RDI=00000000000003f8 RBP=000000000007fff0 RSP=000000000007ffe0
R8 =0000000000000024 R9 =0000000000016a40 R10=0000000000000004 R11=0000000000001278
R12=0000000000000000 R13=0000000000000000 R14=0000000000000000 R15=00000000000167e8
RIP=00000000000100a1 RFL=00000206 [-----P-] CPL=0 II=0 A20=1 SMM=0 HLT=0
ES =0020 0000000000000000 ffffffff 00cf9300 DPL=0 DS   [-WA]
CS =0018 0000000000000000 ffffffff 00af9a00 DPL=0 CS64 [-R-]
SS =0020 0000000000000000 ffffffff 00cf9300 DPL=0 DS   [-WA]
DS =0020 0000000000000000 ffffffff 00cf9300 DPL=0 DS   [-WA]
FS =0020 0000000000000000 ffffffff 00cf9300 DPL=0 DS   [-WA]
GS =0020 0000000000000000 ffffffff 00cf9300 DPL=0 DS   [-WA]
LDT=0000 0000000000000000 0000ffff 00008200 DPL=0 LDT
TR =0000 0000000000000000 0000ffff 00008b00 DPL=0 TSS64-busy
GDT=     0000000000007e03 00000027
IDT=     00000000000174e0 00000fff
CR0=80000011 CR2=0000000000000000 CR3=0000000000009000 CR4=00000020
DR0=0000000000000000 DR1=0000000000000000 DR2=0000000000000000 DR3=0000000000000000 
DR6=00000000ffff0ff0 DR7=0000000000000400
CCS=0000000000000004 CCD=000000000007ffb8 CCO=EFLAGS
EFER=0000000000000500
[35m[DEBUG] Spurious interrupt: vector 109

[0mServicing hardware INT=0x20
    43: v=20 e=0000 i=0 cpl=0 IP=0018:00000000000100a1 pc=00000000000100a1 SP=0020:000000000007ffe0 env->regs[R_EAX]=000000000000006d
RAX=000000000000006d RBX=0000000000000000 RCX=0000000000016a64 RDX=00000000000003f8
RSI=000000000000006d RDI=00000000000003f8 RBP=000000000007fff0 RSP=000000000007ffe0
R8 =0000000000000024 R9 =0000000000016a40 R10=0000000000000004 R11=0000000000001278
R12=0000000000000000 R13=0000000000000000 R14=0000000000000000 R15=00000000000167e8
RIP=00000000000100a1 RFL=00000206 [-----P-] CPL=0 II=0 A20=1 SMM=0 HLT=0
ES =0020 0000000000000000 ffffffff 00cf9300 DPL=0 DS   [-WA]
CS =0018 0000000000000000 ffffffff 00af9a00 DPL=0 CS64 [-R-]
SS =0020 0000000000000000 ffffffff 00cf9300 DPL=0 DS   [-WA]
DS =0020 0000000000000000 ffffffff 00cf9300 DPL=0 DS   [-WA]
FS =0020 0000000000000000 ffffffff 00cf9300 DPL=0 DS   [-WA]
GS =0020 0000000000000000 ffffffff 00cf9300 DPL=0 DS   [-WA]
LDT=0000 0000000000000000 0000ffff 00008200 DPL=0 LDT
TR =0000 0000000000000000 0000ffff 00008b00 DPL=0 TSS64-busy
GDT=     0000000000007e03 00000027
IDT=     00000000000174e0 00000fff
CR0=80000011 CR2=0000000000000000 CR3=0000000000009000 CR4=00000020
DR0=0000000000000000 DR1=0000000000000000 DR2=0000000000000000 DR3=0000000000000000 
DR6=00000000ffff0ff0 DR7=0000000000000400
CCS=0000000000000004 CCD=000000000007ffb8 CCO=EFLAGS
EFER=0000000000000500
[35m[DEBUG] Spurious interrupt: vector 109

[0mServicing hardware INT=0x20
    44: v=20 e=0000 i=0 cpl=0 IP=0018:00000000000100a1 pc=00000000000100a1 SP=0020:000000000007ffe0 env->regs[R_EAX]=000000000000006d
RAX=000000000000006d RBX=0000000000000000 RCX=0000000000016a64 RDX=00000000000003f8
RSI=000000000000006d RDI=00000000000003f8 RBP=000000000007fff0 RSP=000000000007ffe0
R8 =0000000000000024 R9 =0000000000016a40 R10=0000000000000004 R11=0000000000001278
R12=0000000000000000 R13=0000000000000000 R14=0000000000000000 R15=00000000000167e8
RIP=00000000000100a1 RFL=00000206 [-----P-] CPL=0 II=0 A20=1 SMM=0 HLT=0
ES =0020 0000000000000000 ffffffff 00cf9300 DPL=0 DS   [-WA]
CS =0018 0000000000000000 ffffffff 00af9a00 DPL=0 CS64 [-R-]
SS =0020 0000000000000000 ffffffff 00cf9300 DPL=0 DS   [-WA]
DS =0020 0000000000000000 ffffffff 00cf9300 DPL=0 DS   [-WA]
FS =0020 0000000000000000 ffffffff 00cf9300 DPL=0 DS   [-WA]
GS =0020 0000000000000000 ffffffff 00cf9300 DPL=0 DS   [-WA]
LDT=0000 0000000000000000 0000ffff 00008200 DPL=0 LDT
TR =0000 0000000000000000 0000ffff 00008b00 DPL=0 TSS64-busy
GDT=     0000000000007e03 00000027
IDT=     00000000000174e0 00000fff
CR0=80000011 CR2=0000000000000000 CR3=0000000000009000 CR4=00000020
DR0=0000000000000000 DR1=0000000000000000 DR2=0000000000000000 DR3=0000000000000000 
DR6=00000000ffff0ff0 DR7=0000000000000400
CCS=0000000000000004 CCD=000000000007ffb8 CCO=EFLAGS
EFER=0000000000000500
[35m[DEBUG] Spurious interrupt: vector 109

[0mServicing hardware INT=0x20
    45: v=20 e=0000 i=0 cpl=0 IP=0018:00000000000100a1 pc=00000000000100a1 SP=0020:000000000007ffe0 env->regs[R_EAX]=000000000000006d
RAX=000000000000006d RBX=0000000000000000 RCX=0000000000016a64 RDX=00000000000003f8
RSI=000000000000006d RDI=00000000000003f8 RBP=000000000007fff0 RSP=000000000007ffe0
R8 =0000000000000024 R9 =0000000000016a40 R10=0000000000000004 R11=0000000000001278
R12=0000000000000000 R13=0000000000000000 R14=0000000000000000 R15=00000000000167e8
RIP=00000000000100a1 RFL=00000206 [-----P-] CPL=0 II=0 A20=1 SMM=0 HLT=0
ES =0020 0000000000000000 ffffffff 00cf9300 DPL=0 DS   [-WA]
CS =0018 0000000000000000 ffffffff 00af9a00 DPL=0 CS64 [-R-]
SS =0020 0000000000000000 ffffffff 00cf9300 DPL=0 DS   [-WA]
DS =0020 0000000000000000 ffffffff 00cf9300 DPL=0 DS   [-WA]
FS =0020 0000000000000000 ffffffff 00cf9300 DPL=0 DS   [-WA]
GS =0020 0000000000000000 ffffffff 00cf9300 DPL=0 DS   [-WA]
LDT=0000 0000000000000000 0000ffff 00008200 DPL=0 LDT
TR =0000 0000000000000000 0000ffff 00008b00 DPL=0 TSS64-busy
GDT=     0000000000007e03 00000027
IDT=     00000000000174e0 00000fff
CR0=80000011 CR2=0000000000000000 CR3=0000000000009000 CR4=00000020
DR0=0000000000000000 DR1=0000000000000000 DR2=0000000000000000 DR3=0000000000000000 
DR6=00000000ffff0ff0 DR7=0000000000000400
CCS=0000000000000004 CCD=000000000007ffb8 CCO=EFLAGS
EFER=0000000000000500
[35m[DEBUG] Spurious interrupt: vector 109

[0mServicing hardware INT=0x20
    46: v=20 e=0000 i=0 cpl=0 IP=0018:00000000000100a1 pc=00000000000100a1 SP=0020:000000000007ffe0 env->regs[R_EAX]=000000000000006d
RAX=000000000000006d RBX=0000000000000000 RCX=0000000000016a64 RDX=00000000000003f8
RSI=000000000000006d RDI=00000000000003f8 RBP=000000000007fff0 RSP=000000000007ffe0
R8 =0000000000000024 R9 =0000000000016a40 R10=0000000000000004 R11=0000000000001278
R12=0000000000000000 R13=0000000000000000 R14=0000000000000000 R15=00000000000167e8
RIP=00000000000100a1 RFL=00000206 [-----P-] CPL=0 II=0 A20=1 SMM=0 HLT=0
ES =0020 0000000000000000 ffffffff 00cf9300 DPL=0 DS   [-WA]
CS =0018 0000000000000000 ffffffff 00af9a00 DPL=0 CS64 [-R-]
SS =0020 0000000000000000 ffffffff 00cf9300 DPL=0 DS   [-WA]
DS =0020 0000000000000000 ffffffff 00cf9300 DPL=0 DS   [-WA]
FS =0020 0000000000000000 ffffffff 00cf9300 DPL=0 DS   [-WA]
GS =0020 0000000000000000 ffffffff 00cf9300 DPL=0 DS   [-WA]
LDT=0000 0000000000000000 0000ffff 00008200 DPL=0 LDT
TR =0000 0000000000000000 0000ffff 00008b00 DPL=0 TSS64-busy
GDT=     0000000000007e03 00000027
IDT=     00000000000174e0 00000fff
CR0=80000011 CR2=0000000000000000 CR3=0000000000009000 CR4=00000020
DR0=0000000000000000 DR1=0000000000000000 DR2=0000000000000000 DR3=0000000000000000 
DR6=00000000ffff0ff0 DR7=0000000000000400
CCS=0000000000000004 CCD=000000000007ffb8 CCO=EFLAGS
EFER=0000000000000500
[35m[DEBUG] Spurious interrupt: vector 109

[0mServicing hardware INT=0x20
    47: v=20 e=0000 i=0 cpl=0 IP=0018:00000000000100a1 pc=00000000000100a1 SP=0020:000000000007ffe0 env->regs[R_EAX]=000000000000006d
RAX=000000000000006d RBX=0000000000000000 RCX=0000000000016a64 RDX=00000000000003f8
RSI=000000000000006d RDI=00000000000003f8 RBP=000000000007fff0 RSP=000000000007ffe0
R8 =0000000000000024 R9 =0000000000016a40 R10=0000000000000004 R11=0000000000001278
R12=0000000000000000 R13=0000000000000000 R14=0000000000000000 R15=00000000000167e8
RIP=00000000000100a1 RFL=00000206 [-----P-] CPL=0 II=0 A20=1 SMM=0 HLT=0
ES =0020 0000000000000000 ffffffff 00cf9300 DPL=0 DS   [-WA]
CS =0018 0000000000000000 ffffffff 00af9a00 DPL=0 CS64 [-R-]
SS =0020 0000000000000000 ffffffff 00cf9300 DPL=0 DS   [-WA]
DS =0020 0000000000000000 ffffffff 00cf9300 DPL=0 DS   [-WA]
FS =0020 0000000000000000 ffffffff 00cf9300 DPL=0 DS   [-WA]
GS =0020 0000000000000000 ffffffff 00cf9300 DPL=0 DS   [-WA]
LDT=0000 0000000000000000 0000ffff 00008200 DPL=0 LDT
TR =0000 0000000000000000 0000ffff 00008b00 DPL=0 TSS64-busy
GDT=     0000000000007e03 00000027
IDT=     00000000000174e0 00000fff
CR0=80000011 CR2=0000000000000000 CR3=0000000000009000 CR4=00000020
DR0=0000000000000000 DR1=0000000000000000 DR2=0000000000000000 DR3=0000000000000000 
DR6=00000000ffff0ff0 DR7=0000000000000400
CCS=0000000000000004 CCD=000000000007ffb8 CCO=EFLAGS
EFER=0000000000000500
[35m[DEBUG] Spurious interrupt: vector 109

[0mServicing hardware INT=0x20
    48: v=20 e=0000 i=0 cpl=0 IP=0018:00000000000100a1 pc=00000000000100a1 SP=0020:000000000007ffe0 env->regs[R_EAX]=000000000000006d
RAX=000000000000006d RBX=0000000000000000 RCX=0000000000016a64 RDX=00000000000003f8
RSI=000000000000006d RDI=00000000000003f8 RBP=000000000007fff0 RSP=000000000007ffe0
R8 =0000000000000024 R9 =0000000000016a40 R10=0000000000000004 R11=0000000000001278
R12=0000000000000000 R13=0000000000000000 R14=0000000000000000 R15=00000000000167e8
RIP=00000000000100a1 RFL=00000206 [-----P-] CPL=0 II=0 A20=1 SMM=0 HLT=0
ES =0020 0000000000000000 ffffffff 00cf9300 DPL=0 DS   [-WA]
CS =0018 0000000000000000 ffffffff 00af9a00 DPL=0 CS64 [-R-]
SS =0020 0000000000000000 ffffffff 00cf9300 DPL=0 DS   [-WA]
DS =0020 0000000000000000 ffffffff 00cf9300 DPL=0 DS   [-WA]
FS =0020 0000000000000000 ffffffff 00cf9300 DPL=0 DS   [-WA]
GS =0020 0000000000000000 ffffffff 00cf9300 DPL=0 DS   [-WA]
LDT=0000 0000000000000000 0000ffff 00008200 DPL=0 LDT
TR =0000 0000000000000000 0000ffff 00008b00 DPL=0 TSS64-busy
GDT=     0000000000007e03 00000027
IDT=     00000000000174e0 00000fff
CR0=80000011 CR2=0000000000000000 CR3=0000000000009000 CR4=00000020
DR0=0000000000000000 DR1=0000000000000000 DR2=0000000000000000 DR3=0000000000000000 
DR6=00000000ffff0ff0 DR7=0000000000000400
CCS=0000000000000004 CCD=000000000007ffb8 CCO=EFLAGS
EFER=0000000000000500
[35m[DEBUG] Spurious interrupt: vector 109

[0mServicing hardware INT=0x20
    49: v=20 e=0000 i=0 cpl=0 IP=0018:00000000000100a1 pc=00000000000100a1 SP=0020:000000000007ffe0 env->regs[R_EAX]=000000000000006d
RAX=000000000000006d RBX=0000000000000000 RCX=0000000000016a64 RDX=00000000000003f8
RSI=000000000000006d RDI=00000000000003f8 RBP=000000000007fff0 RSP=000000000007ffe0
R8 =0000000000000024 R9 =0000000000016a40 R10=0000000000000004 R11=0000000000001278
R12=0000000000000000 R13=0000000000000000 R14=0000000000000000 R15=00000000000167e8
RIP=00000000000100a1 RFL=00000206 [-----P-] CPL=0 II=0 A20=1 SMM=0 HLT=0
ES =0020 0000000000000000 ffffffff 00cf9300 DPL=0 DS   [-WA]
CS =0018 0000000000000000 ffffffff 00af9a00 DPL=0 CS64 [-R-]
SS =0020 0000000000000000 ffffffff 00cf9300 DPL=0 DS   [-WA]
DS =0020 0000000000000000 ffffffff 00cf9300 DPL=0 DS   [-WA]
FS =0020 0000000000000000 ffffffff 00cf9300 DPL=0 DS   [-WA]
GS =0020 0000000000000000 ffffffff 00cf9300 DPL=0 DS   [-WA]
LDT=0000 0000000000000000 0000ffff 00008200 DPL=0 LDT
TR =0000 0000000000000000 0000ffff 00008b00 DPL=0 TSS64-busy
GDT=     0000000000007e03 00000027
IDT=     00000000000174e0 00000fff
CR0=80000011 CR2=0000000000000000 CR3=0000000000009000 CR4=00000020
DR0=0000000000000000 DR1=0000000000000000 DR2=0000000000000000 DR3=0000000000000000 
DR6=00000000ffff0ff0 DR7=0000000000000400
CCS=0000000000000004 CCD=000000000007ffb8 CCO=EFLAGS
EFER=0000000000000500
[35m[DEBUG] Spurious interrupt: vector 109

[0mServicing hardware INT=0x20
    50: v=20 e=0000 i=0 cpl=0 IP=0018:00000000000100a1 pc=00000000000100a1 SP=0020:000000000007ffe0 env->regs[R_EAX]=000000000000006d
RAX=000000000000006d RBX=0000000000000000 RCX=0000000000016a64 RDX=00000000000003f8
RSI=000000000000006d RDI=00000000000003f8 RBP=000000000007fff0 RSP=000000000007ffe0
R8 =0000000000000024 R9 =0000000000016a40 R10=0000000000000004 R11=0000000000001278
R12=0000000000000000 R13=0000000000000000 R14=0000000000000000 R15=00000000000167e8
RIP=00000000000100a1 RFL=00000206 [-----P-] CPL=0 II=0 A20=1 SMM=0 HLT=0
ES =0020 0000000000000000 ffffffff 00cf9300 DPL=0 DS   [-WA]
CS =0018 0000000000000000 ffffffff 00af9a00 DPL=0 CS64 [-R-]
SS =0020 0000000000000000 ffffffff 00cf9300 DPL=0 DS   [-WA]
DS =0020 0000000000000000 ffffffff 00cf9300 DPL=0 DS   [-WA]
FS =0020 0000000000000000 ffffffff 00cf9300 DPL=0 DS   [-WA]
GS =0020 0000000000000000 ffffffff 00cf9300 DPL=0 DS   [-WA]
LDT=0000 0000000000000000 0000ffff 00008200 DPL=0 LDT
TR =0000 0000000000000000 0000ffff 00008b00 DPL=0 TSS64-busy
GDT=     0000000000007e03 00000027
IDT=     00000000000174e0 00000fff
CR0=80000011 CR2=0000000000000000 CR3=0000000000009000 CR4=00000020
DR0=0000000000000000 DR1=0000000000000000 DR2=0000000000000000 DR3=0000000000000000 
DR6=00000000ffff0ff0 DR7=0000000000000400
CCS=0000000000000004 CCD=000000000007ffb8 CCO=EFLAGS
EFER=0000000000000500
[35m[DEBUG] Spurious interrupt: vector 109

[0mServicing hardware INT=0x20
    51: v=20 e=0000 i=0 cpl=0 IP=0018:00000000000100a1 pc=00000000000100a1 SP=0020:000000000007ffe0 env->regs[R_EAX]=000000000000006d
RAX=000000000000006d RBX=0000000000000000 RCX=0000000000016a64 RDX=00000000000003f8
RSI=000000000000006d RDI=00000000000003f8 RBP=000000000007fff0 RSP=000000000007ffe0
R8 =0000000000000024 R9 =0000000000016a40 R10=0000000000000004 R11=0000000000001278
R12=0000000000000000 R13=0000000000000000 R14=0000000000000000 R15=00000000000167e8
RIP=00000000000100a1 RFL=00000206 [-----P-] CPL=0 II=0 A20=1 SMM=0 HLT=0
ES =0020 0000000000000000 ffffffff 00cf9300 DPL=0 DS   [-WA]
CS =0018 0000000000000000 ffffffff 00af9a00 DPL=0 CS64 [-R-]
SS =0020 0000000000000000 ffffffff 00cf9300 DPL=0 DS   [-WA]
DS =0020 0000000000000000 ffffffff 00cf9300 DPL=0 DS   [-WA]
FS =0020 0000000000000000 ffffffff 00cf9300 DPL=0 DS   [-WA]
GS =0020 0000000000000000 ffffffff 00cf9300 DPL=0 DS   [-WA]
LDT=0000 0000000000000000 0000ffff 00008200 DPL=0 LDT
TR =0000 0000000000000000 0000ffff 00008b00 DPL=0 TSS64-busy
GDT=     0000000000007e03 00000027
IDT=     00000000000174e0 00000fff
CR0=80000011 CR2=0000000000000000 CR3=0000000000009000 CR4=00000020
DR0=0000000000000000 DR1=0000000000000000 DR2=0000000000000000 DR3=0000000000000000 
DR6=00000000ffff0ff0 DR7=0000000000000400
CCS=0000000000000004 CCD=000000000007ffb8 CCO=EFLAGS
EFER=0000000000000500
[35m[DEBUG] Spurious interrupt: vector 109

[0mServicing hardware INT=0x20
    52: v=20 e=0000 i=0 cpl=0 IP=0018:00000000000100a1 pc=00000000000100a1 SP=0020:000000000007ffe0 env->regs[R_EAX]=000000000000006d
RAX=000000000000006d RBX=0000000000000000 RCX=0000000000016a64 RDX=00000000000003f8
RSI=000000000000006d RDI=00000000000003f8 RBP=000000000007fff0 RSP=000000000007ffe0
R8 =0000000000000024 R9 =0000000000016a40 R10=0000000000000004 R11=0000000000001278
R12=0000000000000000 R13=0000000000000000 R14=0000000000000000 R15=00000000000167e8
RIP=00000000000100a1 RFL=00000206 [-----P-] CPL=0 II=0 A20=1 SMM=0 HLT=0
ES =0020 0000000000000000 ffffffff 00cf9300 DPL=0 DS   [-WA]
CS =0018 0000000000000000 ffffffff 00af9a00 DPL=0 CS64 [-R-]
SS =0020 0000000000000000 ffffffff 00cf9300 DPL=0 DS   [-WA]
DS =0020 0000000000000000 ffffffff 00cf9300 DPL=0 DS   [-WA]
FS =0020 0000000000000000 ffffffff 00cf9300 DPL=0 DS   [-WA]
GS =0020 0000000000000000 ffffffff 00cf9300 DPL=0 DS   [-WA]
LDT=0000 0000000000000000 0000ffff 00008200 DPL=0 LDT
TR =0000 0000000000000000 0000ffff 00008b00 DPL=0 TSS64-busy
GDT=     0000000000007e03 00000027
IDT=     00000000000174e0 00000fff
CR0=80000011 CR2=0000000000000000 CR3=0000000000009000 CR4=00000020
DR0=0000000000000000 DR1=0000000000000000 DR2=0000000000000000 DR3=0000000000000000 
DR6=00000000ffff0ff0 DR7=0000000000000400
CCS=0000000000000004 CCD=000000000007ffb8 CCO=EFLAGS
EFER=0000000000000500
[35m[DEBUG] Spurious interrupt: vector 109

[0mServicing hardware INT=0x20
    53: v=20 e=0000 i=0 cpl=0 IP=0018:00000000000100a1 pc=00000000000100a1 SP=0020:000000000007ffe0 env->regs[R_EAX]=000000000000006d
RAX=000000000000006d RBX=0000000000000000 RCX=0000000000016a64 RDX=00000000000003f8
RSI=000000000000006d RDI=00000000000003f8 RBP=000000000007fff0 RSP=000000000007ffe0
R8 =0000000000000024 R9 =0000000000016a40 R10=0000000000000004 R11=0000000000001278
R12=0000000000000000 R13=0000000000000000 R14=0000000000000000 R15=00000000000167e8
RIP=00000000000100a1 RFL=00000206 [-----P-] CPL=0 II=0 A20=1 SMM=0 HLT=0
ES =0020 0000000000000000 ffffffff 00cf9300 DPL=0 DS   [-WA]
CS =0018 0000000000000000 ffffffff 00af9a00 DPL=0 CS64 [-R-]
SS =0020 0000000000000000 ffffffff 00cf9300 DPL=0 DS   [-WA]
DS =0020 0000000000000000 ffffffff 00cf9300 DPL=0 DS   [-WA]
FS =0020 0000000000000000 ffffffff 00cf9300 DPL=0 DS   [-WA]
GS =0020 0000000000000000 ffffffff 00cf9300 DPL=0 DS   [-WA]
LDT=0000 0000000000000000 0000ffff 00008200 DPL=0 LDT
TR =0000 0000000000000000 0000ffff 00008b00 DPL=0 TSS64-busy
GDT=     0000000000007e03 00000027
IDT=     00000000000174e0 00000fff
CR0=80000011 CR2=0000000000000000 CR3=0000000000009000 CR4=00000020
DR0=0000000000000000 DR1=0000000000000000 DR2=0000000000000000 DR3=0000000000000000 
DR6=00000000ffff0ff0 DR7=0000000000000400
CCS=0000000000000004 CCD=000000000007ffb8 CCO=EFLAGS
EFER=0000000000000500
[35m[DEBUG] Spurious interrupt: vector 109

[0mServicing hardware INT=0x20
    54: v=20 e=0000 i=0 cpl=0 IP=0018:00000000000100a1 pc=00000000000100a1 SP=0020:000000000007ffe0 env->regs[R_EAX]=000000000000006d
RAX=000000000000006d RBX=0000000000000000 RCX=0000000000016a64 RDX=00000000000003f8
RSI=000000000000006d RDI=00000000000003f8 RBP=000000000007fff0 RSP=000000000007ffe0
R8 =0000000000000024 R9 =0000000000016a40 R10=0000000000000004 R11=0000000000001278
R12=0000000000000000 R13=0000000000000000 R14=0000000000000000 R15=00000000000167e8
RIP=00000000000100a1 RFL=00000206 [-----P-] CPL=0 II=0 A20=1 SMM=0 HLT=0
ES =0020 0000000000000000 ffffffff 00cf9300 DPL=0 DS   [-WA]
CS =0018 0000000000000000 ffffffff 00af9a00 DPL=0 CS64 [-R-]
SS =0020 0000000000000000 ffffffff 00cf9300 DPL=0 DS   [-WA]
DS =0020 0000000000000000 ffffffff 00cf9300 DPL=0 DS   [-WA]
FS =0020 0000000000000000 ffffffff 00cf9300 DPL=0 DS   [-WA]
GS =0020 0000000000000000 ffffffff 00cf9300 DPL=0 DS   [-WA]
LDT=0000 0000000000000000 0000ffff 00008200 DPL=0 LDT
TR =0000 0000000000000000 0000ffff 00008b00 DPL=0 TSS64-busy
GDT=     0000000000007e03 00000027
IDT=     00000000000174e0 00000fff
CR0=80000011 CR2=0000000000000000 CR3=0000000000009000 CR4=00000020
DR0=0000000000000000 DR1=0000000000000000 DR2=0000000000000000 DR3=0000000000000000 
DR6=00000000ffff0ff0 DR7=0000000000000400
CCS=0000000000000004 CCD=000000000007ffb8 CCO=EFLAGS
EFER=0000000000000500
[35m[DEBUG] Spurious interrupt: vector 109

[0mServicing hardware INT=0x20
    55: v=20 e=0000 i=0 cpl=0 IP=0018:00000000000100a1 pc=00000000000100a1 SP=0020:000000000007ffe0 env->regs[R_EAX]=000000000000006d
RAX=000000000000006d RBX=0000000000000000 RCX=0000000000016a64 RDX=00000000000003f8
RSI=000000000000006d RDI=00000000000003f8 RBP=000000000007fff0 RSP=000000000007ffe0
R8 =0000000000000024 R9 =0000000000016a40 R10=0000000000000004 R11=0000000000001278
R12=0000000000000000 R13=0000000000000000 R14=0000000000000000 R15=00000000000167e8
RIP=00000000000100a1 RFL=00000206 [-----P-] CPL=0 II=0 A20=1 SMM=0 HLT=0
ES =0020 0000000000000000 ffffffff 00cf9300 DPL=0 DS   [-WA]
CS =0018 0000000000000000 ffffffff 00af9a00 DPL=0 CS64 [-R-]
SS =0020 0000000000000000 ffffffff 00cf9300 DPL=0 DS   [-WA]
DS =0020 0000000000000000 ffffffff 00cf9300 DPL=0 DS   [-WA]
FS =0020 0000000000000000 ffffffff 00cf9300 DPL=0 DS   [-WA]
GS =0020 0000000000000000 ffffffff 00cf9300 DPL=0 DS   [-WA]
LDT=0000 0000000000000000 0000ffff 00008200 DPL=0 LDT
TR =0000 0000000000000000 0000ffff 00008b00 DPL=0 TSS64-busy
GDT=     0000000000007e03 00000027
IDT=     00000000000174e0 00000fff
CR0=80000011 CR2=0000000000000000 CR3=0000000000009000 CR4=00000020
DR0=0000000000000000 DR1=0000000000000000 DR2=0000000000000000 DR3=0000000000000000 
DR6=00000000ffff0ff0 DR7=0000000000000400
CCS=0000000000000004 CCD=000000000007ffb8 CCO=EFLAGS
EFER=0000000000000500
[35m[DEBUG] Spurious interrupt: vector 109

[0mServicing hardware INT=0x20
    56: v=20 e=0000 i=0 cpl=0 IP=0018:00000000000100a1 pc=00000000000100a1 SP=0020:000000000007ffe0 env->regs[R_EAX]=000000000000006d
RAX=000000000000006d RBX=0000000000000000 RCX=0000000000016a64 RDX=00000000000003f8
RSI=000000000000006d RDI=00000000000003f8 RBP=000000000007fff0 RSP=000000000007ffe0
R8 =0000000000000024 R9 =0000000000016a40 R10=0000000000000004 R11=0000000000001278
R12=0000000000000000 R13=0000000000000000 R14=0000000000000000 R15=00000000000167e8
RIP=00000000000100a1 RFL=00000206 [-----P-] CPL=0 II=0 A20=1 SMM=0 HLT=0
ES =0020 0000000000000000 ffffffff 00cf9300 DPL=0 DS   [-WA]
CS =0018 0000000000000000 ffffffff 00af9a00 DPL=0 CS64 [-R-]
SS =0020 0000000000000000 ffffffff 00cf9300 DPL=0 DS   [-WA]
DS =0020 0000000000000000 ffffffff 00cf9300 DPL=0 DS   [-WA]
FS =0020 0000000000000000 ffffffff 00cf9300 DPL=0 DS   [-WA]
GS =0020 0000000000000000 ffffffff 00cf9300 DPL=0 DS   [-WA]
LDT=0000 0000000000000000 0000ffff 00008200 DPL=0 LDT
TR =0000 0000000000000000 0000ffff 00008b00 DPL=0 TSS64-busy
GDT=     0000000000007e03 00000027
IDT=     00000000000174e0 00000fff
CR0=80000011 CR2=0000000000000000 CR3=0000000000009000 CR4=00000020
DR0=0000000000000000 DR1=0000000000000000 DR2=0000000000000000 DR3=0000000000000000 
DR6=00000000ffff0ff0 DR7=0000000000000400
CCS=0000000000000004 CCD=000000000007ffb8 CCO=EFLAGS
EFER=0000000000000500
[35m[DEBUG] Spurious interrupt: vector 109

[0mServicing hardware INT=0x20
    57: v=20 e=0000 i=0 cpl=0 IP=0018:00000000000100a1 pc=00000000000100a1 SP=0020:000000000007ffe0 env->regs[R_EAX]=000000000000006d
RAX=000000000000006d RBX=0000000000000000 RCX=0000000000016a64 RDX=00000000000003f8
RSI=000000000000006d RDI=00000000000003f8 RBP=000000000007fff0 RSP=000000000007ffe0
R8 =0000000000000024 R9 =0000000000016a40 R10=0000000000000004 R11=0000000000001278
R12=0000000000000000 R13=0000000000000000 R14=0000000000000000 R15=00000000000167e8
RIP=00000000000100a1 RFL=00000206 [-----P-] CPL=0 II=0 A20=1 SMM=0 HLT=0
ES =0020 0000000000000000 ffffffff 00cf9300 DPL=0 DS   [-WA]
CS =0018 0000000000000000 ffffffff 00af9a00 DPL=0 CS64 [-R-]
SS =0020 0000000000000000 ffffffff 00cf9300 DPL=0 DS   [-WA]
DS =0020 0000000000000000 ffffffff 00cf9300 DPL=0 DS   [-WA]
FS =0020 0000000000000000 ffffffff 00cf9300 DPL=0 DS   [-WA]
GS =0020 0000000000000000 ffffffff 00cf9300 DPL=0 DS   [-WA]
LDT=0000 0000000000000000 0000ffff 00008200 DPL=0 LDT
TR =0000 0000000000000000 0000ffff 00008b00 DPL=0 TSS64-busy
GDT=     0000000000007e03 00000027
IDT=     00000000000174e0 00000fff
CR0=80000011 CR2=0000000000000000 CR3=0000000000009000 CR4=00000020
DR0=0000000000000000 DR1=0000000000000000 DR2=0000000000000000 DR3=0000000000000000 
DR6=00000000ffff0ff0 DR7=0000000000000400
CCS=0000000000000004 CCD=000000000007ffb8 CCO=EFLAGS
EFER=0000000000000500
[35m[DEBUG] Spurious interrupt: vector 109

[0mServicing hardware INT=0x20
    58: v=20 e=0000 i=0 cpl=0 IP=0018:00000000000100a1 pc=00000000000100a1 SP=0020:000000000007ffe0 env->regs[R_EAX]=000000000000006d
RAX=000000000000006d RBX=0000000000000000 RCX=0000000000016a64 RDX=00000000000003f8
RSI=000000000000006d RDI=00000000000003f8 RBP=000000000007fff0 RSP=000000000007ffe0
R8 =0000000000000024 R9 =0000000000016a40 R10=0000000000000004 R11=0000000000001278
R12=0000000000000000 R13=0000000000000000 R14=0000000000000000 R15=00000000000167e8
RIP=00000000000100a1 RFL=00000206 [-----P-] CPL=0 II=0 A20=1 SMM=0 HLT=0
ES =0020 0000000000000000 ffffffff 00cf9300 DPL=0 DS   [-WA]
CS =0018 0000000000000000 ffffffff 00af9a00 DPL=0 CS64 [-R-]
SS =0020 0000000000000000 ffffffff 00cf9300 DPL=0 DS   [-WA]
DS =0020 0000000000000000 ffffffff 00cf9300 DPL=0 DS   [-WA]
FS =0020 0000000000000000 ffffffff 00cf9300 DPL=0 DS   [-WA]
GS =0020 0000000000000000 ffffffff 00cf9300 DPL=0 DS   [-WA]
LDT=0000 0000000000000000 0000ffff 00008200 DPL=0 LDT
TR =0000 0000000000000000 0000ffff 00008b00 DPL=0 TSS64-busy
GDT=     0000000000007e03 00000027
IDT=     00000000000174e0 00000fff
CR0=80000011 CR2=0000000000000000 CR3=0000000000009000 CR4=00000020
DR0=0000000000000000 DR1=0000000000000000 DR2=0000000000000000 DR3=0000000000000000 
DR6=00000000ffff0ff0 DR7=0000000000000400
CCS=0000000000000004 CCD=000000000007ffb8 CCO=EFLAGS
EFER=0000000000000500
[35m[DEBUG] Spurious interrupt: vector 109

[0mServicing hardware INT=0x20
    59: v=20 e=0000 i=0 cpl=0 IP=0018:00000000000100a1 pc=00000000000100a1 SP=0020:000000000007ffe0 env->regs[R_EAX]=000000000000006d
RAX=000000000000006d RBX=0000000000000000 RCX=0000000000016a64 RDX=00000000000003f8
RSI=000000000000006d RDI=00000000000003f8 RBP=000000000007fff0 RSP=000000000007ffe0
R8 =0000000000000024 R9 =0000000000016a40 R10=0000000000000004 R11=0000000000001278
R12=0000000000000000 R13=0000000000000000 R14=0000000000000000 R15=00000000000167e8
RIP=00000000000100a1 RFL=00000206 [-----P-] CPL=0 II=0 A20=1 SMM=0 HLT=0
ES =0020 0000000000000000 ffffffff 00cf9300 DPL=0 DS   [-WA]
CS =0018 0000000000000000 ffffffff 00af9a00 DPL=0 CS64 [-R-]
SS =0020 0000000000000000 ffffffff 00cf9300 DPL=0 DS   [-WA]
DS =0020 0000000000000000 ffffffff 00cf9300 DPL=0 DS   [-WA]
FS =0020 0000000000000000 ffffffff 00cf9300 DPL=0 DS   [-WA]
GS =0020 0000000000000000 ffffffff 00cf9300 DPL=0 DS   [-WA]
LDT=0000 0000000000000000 0000ffff 00008200 DPL=0 LDT
TR =0000 0000000000000000 0000ffff 00008b00 DPL=0 TSS64-busy
GDT=     0000000000007e03 00000027
IDT=     00000000000174e0 00000fff
CR0=80000011 CR2=0000000000000000 CR3=0000000000009000 CR4=00000020
DR0=0000000000000000 DR1=0000000000000000 DR2=0000000000000000 DR3=0000000000000000 
DR6=00000000ffff0ff0 DR7=0000000000000400
CCS=0000000000000004 CCD=000000000007ffb8 CCO=EFLAGS
EFER=0000000000000500
[35m[DEBUG] Spurious interrupt: vector 109

[0mServicing hardware INT=0x20
    60: v=20 e=0000 i=0 cpl=0 IP=0018:00000000000100a1 pc=00000000000100a1 SP=0020:000000000007ffe0 env->regs[R_EAX]=000000000000006d
RAX=000000000000006d RBX=0000000000000000 RCX=0000000000016a64 RDX=00000000000003f8
RSI=000000000000006d RDI=00000000000003f8 RBP=000000000007fff0 RSP=000000000007ffe0
R8 =0000000000000024 R9 =0000000000016a40 R10=0000000000000004 R11=0000000000001278
R12=0000000000000000 R13=0000000000000000 R14=0000000000000000 R15=00000000000167e8
RIP=00000000000100a1 RFL=00000206 [-----P-] CPL=0 II=0 A20=1 SMM=0 HLT=0
ES =0020 0000000000000000 ffffffff 00cf9300 DPL=0 DS   [-WA]
CS =0018 0000000000000000 ffffffff 00af9a00 DPL=0 CS64 [-R-]
SS =0020 0000000000000000 ffffffff 00cf9300 DPL=0 DS   [-WA]
DS =0020 0000000000000000 ffffffff 00cf9300 DPL=0 DS   [-WA]
FS =0020 0000000000000000 ffffffff 00cf9300 DPL=0 DS   [-WA]
GS =0020 0000000000000000 ffffffff 00cf9300 DPL=0 DS   [-WA]
LDT=0000 0000000000000000 0000ffff 00008200 DPL=0 LDT
TR =0000 0000000000000000 0000ffff 00008b00 DPL=0 TSS64-busy
GDT=     0000000000007e03 00000027
IDT=     00000000000174e0 00000fff
CR0=80000011 CR2=0000000000000000 CR3=0000000000009000 CR4=00000020
DR0=0000000000000000 DR1=0000000000000000 DR2=0000000000000000 DR3=0000000000000000 
DR6=00000000ffff0ff0 DR7=0000000000000400
CCS=0000000000000004 CCD=000000000007ffb8 CCO=EFLAGS
EFER=0000000000000500
[35m[DEBUG] Spurious interrupt: vector 109

[0mServicing hardware INT=0x20
    61: v=20 e=0000 i=0 cpl=0 IP=0018:00000000000100a1 pc=00000000000100a1 SP=0020:000000000007ffe0 env->regs[R_EAX]=000000000000006d
RAX=000000000000006d RBX=0000000000000000 RCX=0000000000016a64 RDX=00000000000003f8
RSI=000000000000006d RDI=00000000000003f8 RBP=000000000007fff0 RSP=000000000007ffe0
R8 =0000000000000024 R9 =0000000000016a40 R10=0000000000000004 R11=0000000000001278
R12=0000000000000000 R13=0000000000000000 R14=0000000000000000 R15=00000000000167e8
RIP=00000000000100a1 RFL=00000206 [-----P-] CPL=0 II=0 A20=1 SMM=0 HLT=0
ES =0020 0000000000000000 ffffffff 00cf9300 DPL=0 DS   [-WA]
CS =0018 0000000000000000 ffffffff 00af9a00 DPL=0 CS64 [-R-]
SS =0020 0000000000000000 ffffffff 00cf9300 DPL=0 DS   [-WA]
DS =0020 0000000000000000 ffffffff 00cf9300 DPL=0 DS   [-WA]
FS =0020 0000000000000000 ffffffff 00cf9300 DPL=0 DS   [-WA]
GS =0020 0000000000000000 ffffffff 00cf9300 DPL=0 DS   [-WA]
LDT=0000 0000000000000000 0000ffff 00008200 DPL=0 LDT
TR =0000 0000000000000000 0000ffff 00008b00 DPL=0 TSS64-busy
GDT=     0000000000007e03 00000027
IDT=     00000000000174e0 00000fff
CR0=80000011 CR2=0000000000000000 CR3=0000000000009000 CR4=00000020
DR0=0000000000000000 DR1=0000000000000000 DR2=0000000000000000 DR3=0000000000000000 
DR6=00000000ffff0ff0 DR7=0000000000000400
CCS=0000000000000004 CCD=000000000007ffb8 CCO=EFLAGS
EFER=0000000000000500
[35m[DEBUG] Spurious interrupt: vector 109

[0mServicing hardware INT=0x20
    62: v=20 e=0000 i=0 cpl=0 IP=0018:00000000000100a1 pc=00000000000100a1 SP=0020:000000000007ffe0 env->regs[R_EAX]=000000000000006d
RAX=000000000000006d RBX=0000000000000000 RCX=0000000000016a64 RDX=00000000000003f8
RSI=000000000000006d RDI=00000000000003f8 RBP=000000000007fff0 RSP=000000000007ffe0
R8 =0000000000000024 R9 =0000000000016a40 R10=0000000000000004 R11=0000000000001278
R12=0000000000000000 R13=0000000000000000 R14=0000000000000000 R15=00000000000167e8
RIP=00000000000100a1 RFL=00000206 [-----P-] CPL=0 II=0 A20=1 SMM=0 HLT=0
ES =0020 0000000000000000 ffffffff 00cf9300 DPL=0 DS   [-WA]
CS =0018 0000000000000000 ffffffff 00af9a00 DPL=0 CS64 [-R-]
SS =0020 0000000000000000 ffffffff 00cf9300 DPL=0 DS   [-WA]
DS =0020 0000000000000000 ffffffff 00cf9300 DPL=0 DS   [-WA]
FS =0020 0000000000000000 ffffffff 00cf9300 DPL=0 DS   [-WA]
GS =0020 0000000000000000 ffffffff 00cf9300 DPL=0 DS   [-WA]
LDT=0000 0000000000000000 0000ffff 00008200 DPL=0 LDT
TR =0000 0000000000000000 0000ffff 00008b00 DPL=0 TSS64-busy
GDT=     0000000000007e03 00000027
IDT=     00000000000174e0 00000fff
CR0=80000011 CR2=0000000000000000 CR3=0000000000009000 CR4=00000020
DR0=0000000000000000 DR1=0000000000000000 DR2=0000000000000000 DR3=0000000000000000 
DR6=00000000ffff0ff0 DR7=0000000000000400
CCS=0000000000000004 CCD=000000000007ffb8 CCO=EFLAGS
EFER=0000000000000500
[35m[DEBUG] Spurious interrupt: vector 109

[0mServicing hardware INT=0x20
    63: v=20 e=0000 i=0 cpl=0 IP=0018:00000000000100a1 pc=00000000000100a1 SP=0020:000000000007ffe0 env->regs[R_EAX]=000000000000006d
RAX=000000000000006d RBX=0000000000000000 RCX=0000000000016a64 RDX=00000000000003f8
RSI=000000000000006d RDI=00000000000003f8 RBP=000000000007fff0 RSP=000000000007ffe0
R8 =0000000000000024 R9 =0000000000016a40 R10=0000000000000004 R11=0000000000001278
R12=0000000000000000 R13=0000000000000000 R14=0000000000000000 R15=00000000000167e8
RIP=00000000000100a1 RFL=00000206 [-----P-] CPL=0 II=0 A20=1 SMM=0 HLT=0
ES =0020 0000000000000000 ffffffff 00cf9300 DPL=0 DS   [-WA]
CS =0018 0000000000000000 ffffffff 00af9a00 DPL=0 CS64 [-R-]
SS =0020 0000000000000000 ffffffff 00cf9300 DPL=0 DS   [-WA]
DS =0020 0000000000000000 ffffffff 00cf9300 DPL=0 DS   [-WA]
FS =0020 0000000000000000 ffffffff 00cf9300 DPL=0 DS   [-WA]
GS =0020 0000000000000000 ffffffff 00cf9300 DPL=0 DS   [-WA]
LDT=0000 0000000000000000 0000ffff 00008200 DPL=0 LDT
TR =0000 0000000000000000 0000ffff 00008b00 DPL=0 TSS64-busy
GDT=     0000000000007e03 00000027
IDT=     00000000000174e0 00000fff
CR0=80000011 CR2=0000000000000000 CR3=0000000000009000 CR4=00000020
DR0=0000000000000000 DR1=0000000000000000 DR2=0000000000000000 DR3=0000000000000000 
DR6=00000000ffff0ff0 DR7=0000000000000400
CCS=0000000000000004 CCD=000000000007ffb8 CCO=EFLAGS
EFER=0000000000000500
[35m[DEBUG] Spurious interrupt: vector 109

[0mServicing hardware INT=0x20
    64: v=20 e=0000 i=0 cpl=0 IP=0018:00000000000100a1 pc=00000000000100a1 SP=0020:000000000007ffe0 env->regs[R_EAX]=000000000000006d
RAX=000000000000006d RBX=0000000000000000 RCX=0000000000016a64 RDX=00000000000003f8
RSI=000000000000006d RDI=00000000000003f8 RBP=000000000007fff0 RSP=000000000007ffe0
R8 =0000000000000024 R9 =0000000000016a40 R10=0000000000000004 R11=0000000000001278
R12=0000000000000000 R13=0000000000000000 R14=0000000000000000 R15=00000000000167e8
RIP=00000000000100a1 RFL=00000206 [-----P-] CPL=0 II=0 A20=1 SMM=0 HLT=0
ES =0020 0000000000000000 ffffffff 00cf9300 DPL=0 DS   [-WA]
CS =0018 0000000000000000 ffffffff 00af9a00 DPL=0 CS64 [-R-]
SS =0020 0000000000000000 ffffffff 00cf9300 DPL=0 DS   [-WA]
DS =0020 0000000000000000 ffffffff 00cf9300 DPL=0 DS   [-WA]
FS =0020 0000000000000000 ffffffff 00cf9300 DPL=0 DS   [-WA]
GS =0020 0000000000000000 ffffffff 00cf9300 DPL=0 DS   [-WA]
LDT=0000 0000000000000000 0000ffff 00008200 DPL=0 LDT
TR =0000 0000000000000000 0000ffff 00008b00 DPL=0 TSS64-busy
GDT=     0000000000007e03 00000027
IDT=     00000000000174e0 00000fff
CR0=80000011 CR2=0000000000000000 CR3=0000000000009000 CR4=00000020
DR0=0000000000000000 DR1=0000000000000000 DR2=0000000000000000 DR3=0000000000000000 
DR6=00000000ffff0ff0 DR7=0000000000000400
CCS=0000000000000004 CCD=000000000007ffb8 CCO=EFLAGS
EFER=0000000000000500
[35m[DEBUG] Spurious interrupt: vector 109

[0mServicing hardware INT=0x20
    65: v=20 e=0000 i=0 cpl=0 IP=0018:00000000000100a1 pc=00000000000100a1 SP=0020:000000000007ffe0 env->regs[R_EAX]=000000000000006d
RAX=000000000000006d RBX=0000000000000000 RCX=0000000000016a64 RDX=00000000000003f8
RSI=000000000000006d RDI=00000000000003f8 RBP=000000000007fff0 RSP=000000000007ffe0
R8 =0000000000000024 R9 =0000000000016a40 R10=0000000000000004 R11=0000000000001278
R12=0000000000000000 R13=0000000000000000 R14=0000000000000000 R15=00000000000167e8
RIP=00000000000100a1 RFL=00000206 [-----P-] CPL=0 II=0 A20=1 SMM=0 HLT=0
ES =0020 0000000000000000 ffffffff 00cf9300 DPL=0 DS   [-WA]
CS =0018 0000000000000000 ffffffff 00af9a00 DPL=0 CS64 [-R-]
SS =0020 0000000000000000 ffffffff 00cf9300 DPL=0 DS   [-WA]
DS =0020 0000000000000000 ffffffff 00cf9300 DPL=0 DS   [-WA]
FS =0020 0000000000000000 ffffffff 00cf9300 DPL=0 DS   [-WA]
GS =0020 0000000000000000 ffffffff 00cf9300 DPL=0 DS   [-WA]
LDT=0000 0000000000000000 0000ffff 00008200 DPL=0 LDT
TR =0000 0000000000000000 0000ffff 00008b00 DPL=0 TSS64-busy
GDT=     0000000000007e03 00000027
IDT=     00000000000174e0 00000fff
CR0=80000011 CR2=0000000000000000 CR3=0000000000009000 CR4=00000020
DR0=0000000000000000 DR1=0000000000000000 DR2=0000000000000000 DR3=0000000000000000 
DR6=00000000ffff0ff0 DR7=0000000000000400
CCS=0000000000000004 CCD=000000000007ffb8 CCO=EFLAGS
EFER=0000000000000500
[35m[DEBUG] Spurious interrupt: vector 109

[0mServicing hardware INT=0x20
    66: v=20 e=0000 i=0 cpl=0 IP=0018:00000000000100a1 pc=00000000000100a1 SP=0020:000000000007ffe0 env->regs[R_EAX]=000000000000006d
RAX=000000000000006d RBX=0000000000000000 RCX=0000000000016a64 RDX=00000000000003f8
RSI=000000000000006d RDI=00000000000003f8 RBP=000000000007fff0 RSP=000000000007ffe0
R8 =0000000000000024 R9 =0000000000016a40 R10=0000000000000004 R11=0000000000001278
R12=0000000000000000 R13=0000000000000000 R14=0000000000000000 R15=00000000000167e8
RIP=00000000000100a1 RFL=00000206 [-----P-] CPL=0 II=0 A20=1 SMM=0 HLT=0
ES =0020 0000000000000000 ffffffff 00cf9300 DPL=0 DS   [-WA]
CS =0018 0000000000000000 ffffffff 00af9a00 DPL=0 CS64 [-R-]
SS =0020 0000000000000000 ffffffff 00cf9300 DPL=0 DS   [-WA]
DS =0020 0000000000000000 ffffffff 00cf9300 DPL=0 DS   [-WA]
FS =0020 0000000000000000 ffffffff 00cf9300 DPL=0 DS   [-WA]
GS =0020 0000000000000000 ffffffff 00cf9300 DPL=0 DS   [-WA]
LDT=0000 0000000000000000 0000ffff 00008200 DPL=0 LDT
TR =0000 0000000000000000 0000ffff 00008b00 DPL=0 TSS64-busy
GDT=     0000000000007e03 00000027
IDT=     00000000000174e0 00000fff
CR0=80000011 CR2=0000000000000000 CR3=0000000000009000 CR4=00000020
DR0=0000000000000000 DR1=0000000000000000 DR2=0000000000000000 DR3=0000000000000000 
DR6=00000000ffff0ff0 DR7=0000000000000400
CCS=0000000000000004 CCD=000000000007ffb8 CCO=EFLAGS
EFER=0000000000000500
[35m[DEBUG] Spurious interrupt: vector 109

[0mServicing hardware INT=0x20
    67: v=20 e=0000 i=0 cpl=0 IP=0018:00000000000100a1 pc=00000000000100a1 SP=0020:000000000007ffe0 env->regs[R_EAX]=000000000000006d
RAX=000000000000006d RBX=0000000000000000 RCX=0000000000016a64 RDX=00000000000003f8
RSI=000000000000006d RDI=00000000000003f8 RBP=000000000007fff0 RSP=000000000007ffe0
R8 =0000000000000024 R9 =0000000000016a40 R10=0000000000000004 R11=0000000000001278
R12=0000000000000000 R13=0000000000000000 R14=0000000000000000 R15=00000000000167e8
RIP=00000000000100a1 RFL=00000206 [-----P-] CPL=0 II=0 A20=1 SMM=0 HLT=0
ES =0020 0000000000000000 ffffffff 00cf9300 DPL=0 DS   [-WA]
CS =0018 0000000000000000 ffffffff 00af9a00 DPL=0 CS64 [-R-]
SS =0020 0000000000000000 ffffffff 00cf9300 DPL=0 DS   [-WA]
DS =0020 0000000000000000 ffffffff 00cf9300 DPL=0 DS   [-WA]
FS =0020 0000000000000000 ffffffff 00cf9300 DPL=0 DS   [-WA]
GS =0020 0000000000000000 ffffffff 00cf9300 DPL=0 DS   [-WA]
LDT=0000 0000000000000000 0000ffff 00008200 DPL=0 LDT
TR =0000 0000000000000000 0000ffff 00008b00 DPL=0 TSS64-busy
GDT=     0000000000007e03 00000027
IDT=     00000000000174e0 00000fff
CR0=80000011 CR2=0000000000000000 CR3=0000000000009000 CR4=00000020
DR0=0000000000000000 DR1=0000000000000000 DR2=0000000000000000 DR3=0000000000000000 
DR6=00000000ffff0ff0 DR7=0000000000000400
CCS=0000000000000004 CCD=000000000007ffb8 CCO=EFLAGS
EFER=0000000000000500
[35m[DEBUG] Spurious interrupt: vector 109

[0mServicing hardware INT=0x20
    68: v=20 e=0000 i=0 cpl=0 IP=0018:00000000000100a1 pc=00000000000100a1 SP=0020:000000000007ffe0 env->regs[R_EAX]=000000000000006d
RAX=000000000000006d RBX=0000000000000000 RCX=0000000000016a64 RDX=00000000000003f8
RSI=000000000000006d RDI=00000000000003f8 RBP=000000000007fff0 RSP=000000000007ffe0
R8 =0000000000000024 R9 =0000000000016a40 R10=0000000000000004 R11=0000000000001278
R12=0000000000000000 R13=0000000000000000 R14=0000000000000000 R15=00000000000167e8
RIP=00000000000100a1 RFL=00000206 [-----P-] CPL=0 II=0 A20=1 SMM=0 HLT=0
ES =0020 0000000000000000 ffffffff 00cf9300 DPL=0 DS   [-WA]
CS =0018 0000000000000000 ffffffff 00af9a00 DPL=0 CS64 [-R-]
SS =0020 0000000000000000 ffffffff 00cf9300 DPL=0 DS   [-WA]
DS =0020 0000000000000000 ffffffff 00cf9300 DPL=0 DS   [-WA]
FS =0020 0000000000000000 ffffffff 00cf9300 DPL=0 DS   [-WA]
GS =0020 0000000000000000 ffffffff 00cf9300 DPL=0 DS   [-WA]
LDT=0000 0000000000000000 0000ffff 00008200 DPL=0 LDT
TR =0000 0000000000000000 0000ffff 00008b00 DPL=0 TSS64-busy
GDT=     0000000000007e03 00000027
IDT=     00000000000174e0 00000fff
CR0=80000011 CR2=0000000000000000 CR3=0000000000009000 CR4=00000020
DR0=0000000000000000 DR1=0000000000000000 DR2=0000000000000000 DR3=0000000000000000 
DR6=00000000ffff0ff0 DR7=0000000000000400
CCS=0000000000000004 CCD=000000000007ffb8 CCO=EFLAGS
EFER=0000000000000500
[35m[DEBUG] Spurious interrupt: vector 109

[0mServicing hardware INT=0x20
    69: v=20 e=0000 i=0 cpl=0 IP=0018:00000000000100a1 pc=00000000000100a1 SP=0020:000000000007ffe0 env->regs[R_EAX]=000000000000006d
RAX=000000000000006d RBX=0000000000000000 RCX=0000000000016a64 RDX=00000000000003f8
RSI=000000000000006d RDI=00000000000003f8 RBP=000000000007fff0 RSP=000000000007ffe0
R8 =0000000000000024 R9 =0000000000016a40 R10=0000000000000004 R11=0000000000001278
R12=0000000000000000 R13=0000000000000000 R14=0000000000000000 R15=00000000000167e8
RIP=00000000000100a1 RFL=00000206 [-----P-] CPL=0 II=0 A20=1 SMM=0 HLT=0
ES =0020 0000000000000000 ffffffff 00cf9300 DPL=0 DS   [-WA]
CS =0018 0000000000000000 ffffffff 00af9a00 DPL=0 CS64 [-R-]
SS =0020 0000000000000000 ffffffff 00cf9300 DPL=0 DS   [-WA]
DS =0020 0000000000000000 ffffffff 00cf9300 DPL=0 DS   [-WA]
FS =0020 0000000000000000 ffffffff 00cf9300 DPL=0 DS   [-WA]
GS =0020 0000000000000000 ffffffff 00cf9300 DPL=0 DS   [-WA]
LDT=0000 0000000000000000 0000ffff 00008200 DPL=0 LDT
TR =0000 0000000000000000 0000ffff 00008b00 DPL=0 TSS64-busy
GDT=     0000000000007e03 00000027
IDT=     00000000000174e0 00000fff
CR0=80000011 CR2=0000000000000000 CR3=0000000000009000 CR4=00000020
DR0=0000000000000000 DR1=0000000000000000 DR2=0000000000000000 DR3=0000000000000000 
DR6=00000000ffff0ff0 DR7=0000000000000400
CCS=0000000000000004 CCD=000000000007ffb8 CCO=EFLAGS
EFER=0000000000000500
[35m[DEBUG] Spurious interrupt: vector 109

[0mServicing hardware INT=0x20
    70: v=20 e=0000 i=0 cpl=0 IP=0018:00000000000100a1 pc=00000000000100a1 SP=0020:000000000007ffe0 env->regs[R_EAX]=000000000000006d
RAX=000000000000006d RBX=0000000000000000 RCX=0000000000016a64 RDX=00000000000003f8
RSI=000000000000006d RDI=00000000000003f8 RBP=000000000007fff0 RSP=000000000007ffe0
R8 =0000000000000024 R9 =0000000000016a40 R10=0000000000000004 R11=0000000000001278
R12=0000000000000000 R13=0000000000000000 R14=0000000000000000 R15=00000000000167e8
RIP=00000000000100a1 RFL=00000206 [-----P-] CPL=0 II=0 A20=1 SMM=0 HLT=0
ES =0020 0000000000000000 ffffffff 00cf9300 DPL=0 DS   [-WA]
CS =0018 0000000000000000 ffffffff 00af9a00 DPL=0 CS64 [-R-]
SS =0020 0000000000000000 ffffffff 00cf9300 DPL=0 DS   [-WA]
DS =0020 0000000000000000 ffffffff 00cf9300 DPL=0 DS   [-WA]
FS =0020 0000000000000000 ffffffff 00cf9300 DPL=0 DS   [-WA]
GS =0020 0000000000000000 ffffffff 00cf9300 DPL=0 DS   [-WA]
LDT=0000 0000000000000000 0000ffff 00008200 DPL=0 LDT
TR =0000 0000000000000000 0000ffff 00008b00 DPL=0 TSS64-busy
GDT=     0000000000007e03 00000027
IDT=     00000000000174e0 00000fff
CR0=80000011 CR2=0000000000000000 CR3=0000000000009000 CR4=00000020
DR0=0000000000000000 DR1=0000000000000000 DR2=0000000000000000 DR3=0000000000000000 
DR6=00000000ffff0ff0 DR7=0000000000000400
CCS=0000000000000004 CCD=000000000007ffb8 CCO=EFLAGS
EFER=0000000000000500
[35m[DEBUG] Spurious interrupt: vector 109

[0mServicing hardware INT=0x20
    71: v=20 e=0000 i=0 cpl=0 IP=0018:00000000000100a1 pc=00000000000100a1 SP=0020:000000000007ffe0 env->regs[R_EAX]=000000000000006d
RAX=000000000000006d RBX=0000000000000000 RCX=0000000000016a64 RDX=00000000000003f8
RSI=000000000000006d RDI=00000000000003f8 RBP=000000000007fff0 RSP=000000000007ffe0
R8 =0000000000000024 R9 =0000000000016a40 R10=0000000000000004 R11=0000000000001278
R12=0000000000000000 R13=0000000000000000 R14=0000000000000000 R15=00000000000167e8
RIP=00000000000100a1 RFL=00000206 [-----P-] CPL=0 II=0 A20=1 SMM=0 HLT=0
ES =0020 0000000000000000 ffffffff 00cf9300 DPL=0 DS   [-WA]
CS =0018 0000000000000000 ffffffff 00af9a00 DPL=0 CS64 [-R-]
SS =0020 0000000000000000 ffffffff 00cf9300 DPL=0 DS   [-WA]
DS =0020 0000000000000000 ffffffff 00cf9300 DPL=0 DS   [-WA]
FS =0020 0000000000000000 ffffffff 00cf9300 DPL=0 DS   [-WA]
GS =0020 0000000000000000 ffffffff 00cf9300 DPL=0 DS   [-WA]
LDT=0000 0000000000000000 0000ffff 00008200 DPL=0 LDT
TR =0000 0000000000000000 0000ffff 00008b00 DPL=0 TSS64-busy
GDT=     0000000000007e03 00000027
IDT=     00000000000174e0 00000fff
CR0=80000011 CR2=0000000000000000 CR3=0000000000009000 CR4=00000020
DR0=0000000000000000 DR1=0000000000000000 DR2=0000000000000000 DR3=0000000000000000 
DR6=00000000ffff0ff0 DR7=0000000000000400
CCS=0000000000000004 CCD=000000000007ffb8 CCO=EFLAGS
EFER=0000000000000500
[35m[DEBUG] Spurious interrupt: vector 109

[0mServicing hardware INT=0x20
    72: v=20 e=0000 i=0 cpl=0 IP=0018:00000000000100a1 pc=00000000000100a1 SP=0020:000000000007ffe0 env->regs[R_EAX]=000000000000006d
RAX=000000000000006d RBX=0000000000000000 RCX=0000000000016a64 RDX=00000000000003f8
RSI=000000000000006d RDI=00000000000003f8 RBP=000000000007fff0 RSP=000000000007ffe0
R8 =0000000000000024 R9 =0000000000016a40 R10=0000000000000004 R11=0000000000001278
R12=0000000000000000 R13=0000000000000000 R14=0000000000000000 R15=00000000000167e8
RIP=00000000000100a1 RFL=00000206 [-----P-] CPL=0 II=0 A20=1 SMM=0 HLT=0
ES =0020 0000000000000000 ffffffff 00cf9300 DPL=0 DS   [-WA]
CS =0018 0000000000000000 ffffffff 00af9a00 DPL=0 CS64 [-R-]
SS =0020 0000000000000000 ffffffff 00cf9300 DPL=0 DS   [-WA]
DS =0020 0000000000000000 ffffffff 00cf9300 DPL=0 DS   [-WA]
FS =0020 0000000000000000 ffffffff 00cf9300 DPL=0 DS   [-WA]
GS =0020 0000000000000000 ffffffff 00cf9300 DPL=0 DS   [-WA]
LDT=0000 0000000000000000 0000ffff 00008200 DPL=0 LDT
TR =0000 0000000000000000 0000ffff 00008b00 DPL=0 TSS64-busy
GDT=     0000000000007e03 00000027
IDT=     00000000000174e0 00000fff
CR0=80000011 CR2=0000000000000000 CR3=0000000000009000 CR4=00000020
DR0=0000000000000000 DR1=0000000000000000 DR2=0000000000000000 DR3=0000000000000000 
DR6=00000000ffff0ff0 DR7=0000000000000400
CCS=0000000000000004 CCD=000000000007ffb8 CCO=EFLAGS
EFER=0000000000000500
[35m[DEBUG] Spurious interrupt: vector 109

[0mServicing hardware INT=0x20
    73: v=20 e=0000 i=0 cpl=0 IP=0018:00000000000100a1 pc=00000000000100a1 SP=0020:000000000007ffe0 env->regs[R_EAX]=000000000000006d
RAX=000000000000006d RBX=0000000000000000 RCX=0000000000016a64 RDX=00000000000003f8
RSI=000000000000006d RDI=00000000000003f8 RBP=000000000007fff0 RSP=000000000007ffe0
R8 =0000000000000024 R9 =0000000000016a40 R10=0000000000000004 R11=0000000000001278
R12=0000000000000000 R13=0000000000000000 R14=0000000000000000 R15=00000000000167e8
RIP=00000000000100a1 RFL=00000206 [-----P-] CPL=0 II=0 A20=1 SMM=0 HLT=0
ES =0020 0000000000000000 ffffffff 00cf9300 DPL=0 DS   [-WA]
CS =0018 0000000000000000 ffffffff 00af9a00 DPL=0 CS64 [-R-]
SS =0020 0000000000000000 ffffffff 00cf9300 DPL=0 DS   [-WA]
DS =0020 0000000000000000 ffffffff 00cf9300 DPL=0 DS   [-WA]
FS =0020 0000000000000000 ffffffff 00cf9300 DPL=0 DS   [-WA]
GS =0020 0000000000000000 ffffffff 00cf9300 DPL=0 DS   [-WA]
LDT=0000 0000000000000000 0000ffff 00008200 DPL=0 LDT
TR =0000 0000000000000000 0000ffff 00008b00 DPL=0 TSS64-busy
GDT=     0000000000007e03 00000027
IDT=     00000000000174e0 00000fff
CR0=80000011 CR2=0000000000000000 CR3=0000000000009000 CR4=00000020
DR0=0000000000000000 DR1=0000000000000000 DR2=0000000000000000 DR3=0000000000000000 
DR6=00000000ffff0ff0 DR7=0000000000000400
CCS=0000000000000004 CCD=000000000007ffb8 CCO=EFLAGS
EFER=0000000000000500
[35m[DEBUG] Spurious interrupt: vector 109

[0mServicing hardware INT=0x20
    74: v=20 e=0000 i=0 cpl=0 IP=0018:00000000000100a1 pc=00000000000100a1 SP=0020:000000000007ffe0 env->regs[R_EAX]=000000000000006d
RAX=000000000000006d RBX=0000000000000000 RCX=0000000000016a64 RDX=00000000000003f8
RSI=000000000000006d RDI=00000000000003f8 RBP=000000000007fff0 RSP=000000000007ffe0
R8 =0000000000000024 R9 =0000000000016a40 R10=0000000000000004 R11=0000000000001278
R12=0000000000000000 R13=0000000000000000 R14=0000000000000000 R15=00000000000167e8
RIP=00000000000100a1 RFL=00000206 [-----P-] CPL=0 II=0 A20=1 SMM=0 HLT=0
ES =0020 0000000000000000 ffffffff 00cf9300 DPL=0 DS   [-WA]
CS =0018 0000000000000000 ffffffff 00af9a00 DPL=0 CS64 [-R-]
SS =0020 0000000000000000 ffffffff 00cf9300 DPL=0 DS   [-WA]
DS =0020 0000000000000000 ffffffff 00cf9300 DPL=0 DS   [-WA]
FS =0020 0000000000000000 ffffffff 00cf9300 DPL=0 DS   [-WA]
GS =0020 0000000000000000 ffffffff 00cf9300 DPL=0 DS   [-WA]
LDT=0000 0000000000000000 0000ffff 00008200 DPL=0 LDT
TR =0000 0000000000000000 0000ffff 00008b00 DPL=0 TSS64-busy
GDT=     0000000000007e03 00000027
IDT=     00000000000174e0 00000fff
CR0=80000011 CR2=0000000000000000 CR3=0000000000009000 CR4=00000020
DR0=0000000000000000 DR1=0000000000000000 DR2=0000000000000000 DR3=0000000000000000 
DR6=00000000ffff0ff0 DR7=0000000000000400
CCS=0000000000000004 CCD=000000000007ffb8 CCO=EFLAGS
EFER=0000000000000500
[35m[DEBUG] Spurious interrupt: vector 109

[0mServicing hardware INT=0x20
    75: v=20 e=0000 i=0 cpl=0 IP=0018:00000000000100a1 pc=00000000000100a1 SP=0020:000000000007ffe0 env->regs[R_EAX]=000000000000006d
RAX=000000000000006d RBX=0000000000000000 RCX=0000000000016a64 RDX=00000000000003f8
RSI=000000000000006d RDI=00000000000003f8 RBP=000000000007fff0 RSP=000000000007ffe0
R8 =0000000000000024 R9 =0000000000016a40 R10=0000000000000004 R11=0000000000001278
R12=0000000000000000 R13=0000000000000000 R14=0000000000000000 R15=00000000000167e8
RIP=00000000000100a1 RFL=00000206 [-----P-] CPL=0 II=0 A20=1 SMM=0 HLT=0
ES =0020 0000000000000000 ffffffff 00cf9300 DPL=0 DS   [-WA]
CS =0018 0000000000000000 ffffffff 00af9a00 DPL=0 CS64 [-R-]
SS =0020 0000000000000000 ffffffff 00cf9300 DPL=0 DS   [-WA]
DS =0020 0000000000000000 ffffffff 00cf9300 DPL=0 DS   [-WA]
FS =0020 0000000000000000 ffffffff 00cf9300 DPL=0 DS   [-WA]
GS =0020 0000000000000000 ffffffff 00cf9300 DPL=0 DS   [-WA]
LDT=0000 0000000000000000 0000ffff 00008200 DPL=0 LDT
TR =0000 0000000000000000 0000ffff 00008b00 DPL=0 TSS64-busy
GDT=     0000000000007e03 00000027
IDT=     00000000000174e0 00000fff
CR0=80000011 CR2=0000000000000000 CR3=0000000000009000 CR4=00000020
DR0=0000000000000000 DR1=0000000000000000 DR2=0000000000000000 DR3=0000000000000000 
DR6=00000000ffff0ff0 DR7=0000000000000400
CCS=0000000000000004 CCD=000000000007ffb8 CCO=EFLAGS
EFER=0000000000000500
[35m[DEBUG] Spurious interrupt: vector 109

[0mServicing hardware INT=0x20
    76: v=20 e=0000 i=0 cpl=0 IP=0018:00000000000100a1 pc=00000000000100a1 SP=0020:000000000007ffe0 env->regs[R_EAX]=000000000000006d
RAX=000000000000006d RBX=0000000000000000 RCX=0000000000016a64 RDX=00000000000003f8
RSI=000000000000006d RDI=00000000000003f8 RBP=000000000007fff0 RSP=000000000007ffe0
R8 =0000000000000024 R9 =0000000000016a40 R10=0000000000000004 R11=0000000000001278
R12=0000000000000000 R13=0000000000000000 R14=0000000000000000 R15=00000000000167e8
RIP=00000000000100a1 RFL=00000206 [-----P-] CPL=0 II=0 A20=1 SMM=0 HLT=0
ES =0020 0000000000000000 ffffffff 00cf9300 DPL=0 DS   [-WA]
CS =0018 0000000000000000 ffffffff 00af9a00 DPL=0 CS64 [-R-]
SS =0020 0000000000000000 ffffffff 00cf9300 DPL=0 DS   [-WA]
DS =0020 0000000000000000 ffffffff 00cf9300 DPL=0 DS   [-WA]
FS =0020 0000000000000000 ffffffff 00cf9300 DPL=0 DS   [-WA]
GS =0020 0000000000000000 ffffffff 00cf9300 DPL=0 DS   [-WA]
LDT=0000 0000000000000000 0000ffff 00008200 DPL=0 LDT
TR =0000 0000000000000000 0000ffff 00008b00 DPL=0 TSS64-busy
GDT=     0000000000007e03 00000027
IDT=     00000000000174e0 00000fff
CR0=80000011 CR2=0000000000000000 CR3=0000000000009000 CR4=00000020
DR0=0000000000000000 DR1=0000000000000000 DR2=0000000000000000 DR3=0000000000000000 
DR6=00000000ffff0ff0 DR7=0000000000000400
CCS=0000000000000004 CCD=000000000007ffb8 CCO=EFLAGS
EFER=0000000000000500
[35m[DEBUG] Spurious interrupt: vector 109

[0mServicing hardware INT=0x20
    77: v=20 e=0000 i=0 cpl=0 IP=0018:00000000000100a1 pc=00000000000100a1 SP=0020:000000000007ffe0 env->regs[R_EAX]=000000000000006d
RAX=000000000000006d RBX=0000000000000000 RCX=0000000000016a64 RDX=00000000000003f8
RSI=000000000000006d RDI=00000000000003f8 RBP=000000000007fff0 RSP=000000000007ffe0
R8 =0000000000000024 R9 =0000000000016a40 R10=0000000000000004 R11=0000000000001278
R12=0000000000000000 R13=0000000000000000 R14=0000000000000000 R15=00000000000167e8
RIP=00000000000100a1 RFL=00000206 [-----P-] CPL=0 II=0 A20=1 SMM=0 HLT=0
ES =0020 0000000000000000 ffffffff 00cf9300 DPL=0 DS   [-WA]
CS =0018 0000000000000000 ffffffff 00af9a00 DPL=0 CS64 [-R-]
SS =0020 0000000000000000 ffffffff 00cf9300 DPL=0 DS   [-WA]
DS =0020 0000000000000000 ffffffff 00cf9300 DPL=0 DS   [-WA]
FS =0020 0000000000000000 ffffffff 00cf9300 DPL=0 DS   [-WA]
GS =0020 0000000000000000 ffffffff 00cf9300 DPL=0 DS   [-WA]
LDT=0000 0000000000000000 0000ffff 00008200 DPL=0 LDT
TR =0000 0000000000000000 0000ffff 00008b00 DPL=0 TSS64-busy
GDT=     0000000000007e03 00000027
IDT=     00000000000174e0 00000fff
CR0=80000011 CR2=0000000000000000 CR3=0000000000009000 CR4=00000020
DR0=0000000000000000 DR1=0000000000000000 DR2=0000000000000000 DR3=0000000000000000 
DR6=00000000ffff0ff0 DR7=0000000000000400
CCS=0000000000000004 CCD=000000000007ffb8 CCO=EFLAGS
EFER=0000000000000500
[35m[DEBUG] Spurious interrupt: vector 109

[0mServicing hardware INT=0x20
    78: v=20 e=0000 i=0 cpl=0 IP=0018:00000000000100a1 pc=00000000000100a1 SP=0020:000000000007ffe0 env->regs[R_EAX]=000000000000006d
RAX=000000000000006d RBX=0000000000000000 RCX=0000000000016a64 RDX=00000000000003f8
RSI=000000000000006d RDI=00000000000003f8 RBP=000000000007fff0 RSP=000000000007ffe0
R8 =0000000000000024 R9 =0000000000016a40 R10=0000000000000004 R11=0000000000001278
R12=0000000000000000 R13=0000000000000000 R14=0000000000000000 R15=00000000000167e8
RIP=00000000000100a1 RFL=00000206 [-----P-] CPL=0 II=0 A20=1 SMM=0 HLT=0
ES =0020 0000000000000000 ffffffff 00cf9300 DPL=0 DS   [-WA]
CS =0018 0000000000000000 ffffffff 00af9a00 DPL=0 CS64 [-R-]
SS =0020 0000000000000000 ffffffff 00cf9300 DPL=0 DS   [-WA]
DS =0020 0000000000000000 ffffffff 00cf9300 DPL=0 DS   [-WA]
FS =0020 0000000000000000 ffffffff 00cf9300 DPL=0 DS   [-WA]
GS =0020 0000000000000000 ffffffff 00cf9300 DPL=0 DS   [-WA]
LDT=0000 0000000000000000 0000ffff 00008200 DPL=0 LDT
TR =0000 0000000000000000 0000ffff 00008b00 DPL=0 TSS64-busy
GDT=     0000000000007e03 00000027
IDT=     00000000000174e0 00000fff
CR0=80000011 CR2=0000000000000000 CR3=0000000000009000 CR4=00000020
DR0=0000000000000000 DR1=0000000000000000 DR2=0000000000000000 DR3=0000000000000000 
DR6=00000000ffff0ff0 DR7=0000000000000400
CCS=0000000000000004 CCD=000000000007ffb8 CCO=EFLAGS
EFER=0000000000000500
[35m[DEBUG] Spurious interrupt: vector 109

[0mServicing hardware INT=0x20
    79: v=20 e=0000 i=0 cpl=0 IP=0018:00000000000100a1 pc=00000000000100a1 SP=0020:000000000007ffe0 env->regs[R_EAX]=000000000000006d
RAX=000000000000006d RBX=0000000000000000 RCX=0000000000016a64 RDX=00000000000003f8
RSI=000000000000006d RDI=00000000000003f8 RBP=000000000007fff0 RSP=000000000007ffe0
R8 =0000000000000024 R9 =0000000000016a40 R10=0000000000000004 R11=0000000000001278
R12=0000000000000000 R13=0000000000000000 R14=0000000000000000 R15=00000000000167e8
RIP=00000000000100a1 RFL=00000206 [-----P-] CPL=0 II=0 A20=1 SMM=0 HLT=0
ES =0020 0000000000000000 ffffffff 00cf9300 DPL=0 DS   [-WA]
CS =0018 0000000000000000 ffffffff 00af9a00 DPL=0 CS64 [-R-]
SS =0020 0000000000000000 ffffffff 00cf9300 DPL=0 DS   [-WA]
DS =0020 0000000000000000 ffffffff 00cf9300 DPL=0 DS   [-WA]
FS =0020 0000000000000000 ffffffff 00cf9300 DPL=0 DS   [-WA]
GS =0020 0000000000000000 ffffffff 00cf9300 DPL=0 DS   [-WA]
LDT=0000 0000000000000000 0000ffff 00008200 DPL=0 LDT
TR =0000 0000000000000000 0000ffff 00008b00 DPL=0 TSS64-busy
GDT=     0000000000007e03 00000027
IDT=     00000000000174e0 00000fff
CR0=80000011 CR2=0000000000000000 CR3=0000000000009000 CR4=00000020
DR0=0000000000000000 DR1=0000000000000000 DR2=0000000000000000 DR3=0000000000000000 
DR6=00000000ffff0ff0 DR7=0000000000000400
CCS=0000000000000004 CCD=000000000007ffb8 CCO=EFLAGS
EFER=0000000000000500
[35m[DEBUG] Spurious interrupt: vector 109

[0mServicing hardware INT=0x20
    80: v=20 e=0000 i=0 cpl=0 IP=0018:00000000000100a1 pc=00000000000100a1 SP=0020:000000000007ffe0 env->regs[R_EAX]=000000000000006d
RAX=000000000000006d RBX=0000000000000000 RCX=0000000000016a64 RDX=00000000000003f8
RSI=000000000000006d RDI=00000000000003f8 RBP=000000000007fff0 RSP=000000000007ffe0
R8 =0000000000000024 R9 =0000000000016a40 R10=0000000000000004 R11=0000000000001278
R12=0000000000000000 R13=0000000000000000 R14=0000000000000000 R15=00000000000167e8
RIP=00000000000100a1 RFL=00000206 [-----P-] CPL=0 II=0 A20=1 SMM=0 HLT=0
ES =0020 0000000000000000 ffffffff 00cf9300 DPL=0 DS   [-WA]
CS =0018 0000000000000000 ffffffff 00af9a00 DPL=0 CS64 [-R-]
SS =0020 0000000000000000 ffffffff 00cf9300 DPL=0 DS   [-WA]
DS =0020 0000000000000000 ffffffff 00cf9300 DPL=0 DS   [-WA]
FS =0020 0000000000000000 ffffffff 00cf9300 DPL=0 DS   [-WA]
GS =0020 0000000000000000 ffffffff 00cf9300 DPL=0 DS   [-WA]
LDT=0000 0000000000000000 0000ffff 00008200 DPL=0 LDT
TR =0000 0000000000000000 0000ffff 00008b00 DPL=0 TSS64-busy
GDT=     0000000000007e03 00000027
IDT=     00000000000174e0 00000fff
CR0=80000011 CR2=0000000000000000 CR3=0000000000009000 CR4=00000020
DR0=0000000000000000 DR1=0000000000000000 DR2=0000000000000000 DR3=0000000000000000 
DR6=00000000ffff0ff0 DR7=0000000000000400
CCS=0000000000000004 CCD=000000000007ffb8 CCO=EFLAGS
EFER=0000000000000500
[35m[DEBUG] Spurious interrupt: vector 109

[0mServicing hardware INT=0x20
    81: v=20 e=0000 i=0 cpl=0 IP=0018:00000000000100a1 pc=00000000000100a1 SP=0020:000000000007ffe0 env->regs[R_EAX]=000000000000006d
RAX=000000000000006d RBX=0000000000000000 RCX=0000000000016a64 RDX=00000000000003f8
RSI=000000000000006d RDI=00000000000003f8 RBP=000000000007fff0 RSP=000000000007ffe0
R8 =0000000000000024 R9 =0000000000016a40 R10=0000000000000004 R11=0000000000001278
R12=0000000000000000 R13=0000000000000000 R14=0000000000000000 R15=00000000000167e8
RIP=00000000000100a1 RFL=00000206 [-----P-] CPL=0 II=0 A20=1 SMM=0 HLT=0
ES =0020 0000000000000000 ffffffff 00cf9300 DPL=0 DS   [-WA]
CS =0018 0000000000000000 ffffffff 00af9a00 DPL=0 CS64 [-R-]
SS =0020 0000000000000000 ffffffff 00cf9300 DPL=0 DS   [-WA]
DS =0020 0000000000000000 ffffffff 00cf9300 DPL=0 DS   [-WA]
FS =0020 0000000000000000 ffffffff 00cf9300 DPL=0 DS   [-WA]
GS =0020 0000000000000000 ffffffff 00cf9300 DPL=0 DS   [-WA]
LDT=0000 0000000000000000 0000ffff 00008200 DPL=0 LDT
TR =0000 0000000000000000 0000ffff 00008b00 DPL=0 TSS64-busy
GDT=     0000000000007e03 00000027
IDT=     00000000000174e0 00000fff
CR0=80000011 CR2=0000000000000000 CR3=0000000000009000 CR4=00000020
DR0=0000000000000000 DR1=0000000000000000 DR2=0000000000000000 DR3=0000000000000000 
DR6=00000000ffff0ff0 DR7=0000000000000400
CCS=0000000000000004 CCD=000000000007ffb8 CCO=EFLAGS
EFER=0000000000000500
[35m[DEBUG] Spurious interrupt: vector 109

[0mServicing hardware INT=0x20
    82: v=20 e=0000 i=0 cpl=0 IP=0018:00000000000100a1 pc=00000000000100a1 SP=0020:000000000007ffe0 env->regs[R_EAX]=000000000000006d
RAX=000000000000006d RBX=0000000000000000 RCX=0000000000016a64 RDX=00000000000003f8
RSI=000000000000006d RDI=00000000000003f8 RBP=000000000007fff0 RSP=000000000007ffe0
R8 =0000000000000024 R9 =0000000000016a40 R10=0000000000000004 R11=0000000000001278
R12=0000000000000000 R13=0000000000000000 R14=0000000000000000 R15=00000000000167e8
RIP=00000000000100a1 RFL=00000206 [-----P-] CPL=0 II=0 A20=1 SMM=0 HLT=0
ES =0020 0000000000000000 ffffffff 00cf9300 DPL=0 DS   [-WA]
CS =0018 0000000000000000 ffffffff 00af9a00 DPL=0 CS64 [-R-]
SS =0020 0000000000000000 ffffffff 00cf9300 DPL=0 DS   [-WA]
DS =0020 0000000000000000 ffffffff 00cf9300 DPL=0 DS   [-WA]
FS =0020 0000000000000000 ffffffff 00cf9300 DPL=0 DS   [-WA]
GS =0020 0000000000000000 ffffffff 00cf9300 DPL=0 DS   [-WA]
LDT=0000 0000000000000000 0000ffff 00008200 DPL=0 LDT
TR =0000 0000000000000000 0000ffff 00008b00 DPL=0 TSS64-busy
GDT=     0000000000007e03 00000027
IDT=     00000000000174e0 00000fff
CR0=80000011 CR2=0000000000000000 CR3=0000000000009000 CR4=00000020
DR0=0000000000000000 DR1=0000000000000000 DR2=0000000000000000 DR3=0000000000000000 
DR6=00000000ffff0ff0 DR7=0000000000000400
CCS=0000000000000004 CCD=000000000007ffb8 CCO=EFLAGS
EFER=0000000000000500
[35m[DEBUG] Spurious interrupt: vector 109

[0mServicing hardware INT=0x20
    83: v=20 e=0000 i=0 cpl=0 IP=0018:00000000000100a1 pc=00000000000100a1 SP=0020:000000000007ffe0 env->regs[R_EAX]=000000000000006d
RAX=000000000000006d RBX=0000000000000000 RCX=0000000000016a64 RDX=00000000000003f8
RSI=000000000000006d RDI=00000000000003f8 RBP=000000000007fff0 RSP=000000000007ffe0
R8 =0000000000000024 R9 =0000000000016a40 R10=0000000000000004 R11=0000000000001278
R12=0000000000000000 R13=0000000000000000 R14=0000000000000000 R15=00000000000167e8
RIP=00000000000100a1 RFL=00000206 [-----P-] CPL=0 II=0 A20=1 SMM=0 HLT=0
ES =0020 0000000000000000 ffffffff 00cf9300 DPL=0 DS   [-WA]
CS =0018 0000000000000000 ffffffff 00af9a00 DPL=0 CS64 [-R-]
SS =0020 0000000000000000 ffffffff 00cf9300 DPL=0 DS   [-WA]
DS =0020 0000000000000000 ffffffff 00cf9300 DPL=0 DS   [-WA]
FS =0020 0000000000000000 ffffffff 00cf9300 DPL=0 DS   [-WA]
GS =0020 0000000000000000 ffffffff 00cf9300 DPL=0 DS   [-WA]
LDT=0000 0000000000000000 0000ffff 00008200 DPL=0 LDT
TR =0000 0000000000000000 0000ffff 00008b00 DPL=0 TSS64-busy
GDT=     0000000000007e03 00000027
IDT=     00000000000174e0 00000fff
CR0=80000011 CR2=0000000000000000 CR3=0000000000009000 CR4=00000020
DR0=0000000000000000 DR1=0000000000000000 DR2=0000000000000000 DR3=0000000000000000 
DR6=00000000ffff0ff0 DR7=0000000000000400
CCS=0000000000000004 CCD=000000000007ffb8 CCO=EFLAGS
EFER=0000000000000500
[35m[DEBUG] Spurious interrupt: vector 109

[0mServicing hardware INT=0x20
    84: v=20 e=0000 i=0 cpl=0 IP=0018:00000000000100a1 pc=00000000000100a1 SP=0020:000000000007ffe0 env->regs[R_EAX]=000000000000006d
RAX=000000000000006d RBX=0000000000000000 RCX=0000000000016a64 RDX=00000000000003f8
RSI=000000000000006d RDI=00000000000003f8 RBP=000000000007fff0 RSP=000000000007ffe0
R8 =0000000000000024 R9 =0000000000016a40 R10=0000000000000004 R11=0000000000001278
R12=0000000000000000 R13=0000000000000000 R14=0000000000000000 R15=00000000000167e8
RIP=00000000000100a1 RFL=00000206 [-----P-] CPL=0 II=0 A20=1 SMM=0 HLT=0
ES =0020 0000000000000000 ffffffff 00cf9300 DPL=0 DS   [-WA]
CS =0018 0000000000000000 ffffffff 00af9a00 DPL=0 CS64 [-R-]
SS =0020 0000000000000000 ffffffff 00cf9300 DPL=0 DS   [-WA]
DS =0020 0000000000000000 ffffffff 00cf9300 DPL=0 DS   [-WA]
FS =0020 0000000000000000 ffffffff 00cf9300 DPL=0 DS   [-WA]
GS =0020 0000000000000000 ffffffff 00cf9300 DPL=0 DS   [-WA]
LDT=0000 0000000000000000 0000ffff 00008200 DPL=0 LDT
TR =0000 0000000000000000 0000ffff 00008b00 DPL=0 TSS64-busy
GDT=     0000000000007e03 00000027
IDT=     00000000000174e0 00000fff
CR0=80000011 CR2=0000000000000000 CR3=0000000000009000 CR4=00000020
DR0=0000000000000000 DR1=0000000000000000 DR2=0000000000000000 DR3=0000000000000000 
DR6=00000000ffff0ff0 DR7=0000000000000400
CCS=0000000000000004 CCD=000000000007ffb8 CCO=EFLAGS
EFER=0000000000000500
[35m[DEBUG] Spurious interrupt: vector 109

[0mServicing hardware INT=0x20
    85: v=20 e=0000 i=0 cpl=0 IP=0018:00000000000100a1 pc=00000000000100a1 SP=0020:000000000007ffe0 env->regs[R_EAX]=000000000000006d
RAX=000000000000006d RBX=0000000000000000 RCX=0000000000016a64 RDX=00000000000003f8
RSI=000000000000006d RDI=00000000000003f8 RBP=000000000007fff0 RSP=000000000007ffe0
R8 =0000000000000024 R9 =0000000000016a40 R10=0000000000000004 R11=0000000000001278
R12=0000000000000000 R13=0000000000000000 R14=0000000000000000 R15=00000000000167e8
RIP=00000000000100a1 RFL=00000206 [-----P-] CPL=0 II=0 A20=1 SMM=0 HLT=0
ES =0020 0000000000000000 ffffffff 00cf9300 DPL=0 DS   [-WA]
CS =0018 0000000000000000 ffffffff 00af9a00 DPL=0 CS64 [-R-]
SS =0020 0000000000000000 ffffffff 00cf9300 DPL=0 DS   [-WA]
DS =0020 0000000000000000 ffffffff 00cf9300 DPL=0 DS   [-WA]
FS =0020 0000000000000000 ffffffff 00cf9300 DPL=0 DS   [-WA]
GS =0020 0000000000000000 ffffffff 00cf9300 DPL=0 DS   [-WA]
LDT=0000 0000000000000000 0000ffff 00008200 DPL=0 LDT
TR =0000 0000000000000000 0000ffff 00008b00 DPL=0 TSS64-busy
GDT=     0000000000007e03 00000027
IDT=     00000000000174e0 00000fff
CR0=80000011 CR2=0000000000000000 CR3=0000000000009000 CR4=00000020
DR0=0000000000000000 DR1=0000000000000000 DR2=0000000000000000 DR3=0000000000000000 
DR6=00000000ffff0ff0 DR7=0000000000000400
CCS=0000000000000004 CCD=000000000007ffb8 CCO=EFLAGS
EFER=0000000000000500
[35m[DEBUG] Spurious interrupt: vector 109

[0mServicing hardware INT=0x20
    86: v=20 e=0000 i=0 cpl=0 IP=0018:00000000000100a1 pc=00000000000100a1 SP=0020:000000000007ffe0 env->regs[R_EAX]=000000000000006d
RAX=000000000000006d RBX=0000000000000000 RCX=0000000000016a64 RDX=00000000000003f8
RSI=000000000000006d RDI=00000000000003f8 RBP=000000000007fff0 RSP=000000000007ffe0
R8 =0000000000000024 R9 =0000000000016a40 R10=0000000000000004 R11=0000000000001278
R12=0000000000000000 R13=0000000000000000 R14=0000000000000000 R15=00000000000167e8
RIP=00000000000100a1 RFL=00000206 [-----P-] CPL=0 II=0 A20=1 SMM=0 HLT=0
ES =0020 0000000000000000 ffffffff 00cf9300 DPL=0 DS   [-WA]
CS =0018 0000000000000000 ffffffff 00af9a00 DPL=0 CS64 [-R-]
SS =0020 0000000000000000 ffffffff 00cf9300 DPL=0 DS   [-WA]
DS =0020 0000000000000000 ffffffff 00cf9300 DPL=0 DS   [-WA]
FS =0020 0000000000000000 ffffffff 00cf9300 DPL=0 DS   [-WA]
GS =0020 0000000000000000 ffffffff 00cf9300 DPL=0 DS   [-WA]
LDT=0000 0000000000000000 0000ffff 00008200 DPL=0 LDT
TR =0000 0000000000000000 0000ffff 00008b00 DPL=0 TSS64-busy
GDT=     0000000000007e03 00000027
IDT=     00000000000174e0 00000fff
CR0=80000011 CR2=0000000000000000 CR3=0000000000009000 CR4=00000020
DR0=0000000000000000 DR1=0000000000000000 DR2=0000000000000000 DR3=0000000000000000 
DR6=00000000ffff0ff0 DR7=0000000000000400
CCS=0000000000000004 CCD=000000000007ffb8 CCO=EFLAGS
EFER=0000000000000500
[35m[DEBUG] Spurious interrupt: vector 109

[0mServicing hardware INT=0x20
    87: v=20 e=0000 i=0 cpl=0 IP=0018:00000000000100a1 pc=00000000000100a1 SP=0020:000000000007ffe0 env->regs[R_EAX]=000000000000006d
RAX=000000000000006d RBX=0000000000000000 RCX=0000000000016a64 RDX=00000000000003f8
RSI=000000000000006d RDI=00000000000003f8 RBP=000000000007fff0 RSP=000000000007ffe0
R8 =0000000000000024 R9 =0000000000016a40 R10=0000000000000004 R11=0000000000001278
R12=0000000000000000 R13=0000000000000000 R14=0000000000000000 R15=00000000000167e8
RIP=00000000000100a1 RFL=00000206 [-----P-] CPL=0 II=0 A20=1 SMM=0 HLT=0
ES =0020 0000000000000000 ffffffff 00cf9300 DPL=0 DS   [-WA]
CS =0018 0000000000000000 ffffffff 00af9a00 DPL=0 CS64 [-R-]
SS =0020 0000000000000000 ffffffff 00cf9300 DPL=0 DS   [-WA]
DS =0020 0000000000000000 ffffffff 00cf9300 DPL=0 DS   [-WA]
FS =0020 0000000000000000 ffffffff 00cf9300 DPL=0 DS   [-WA]
GS =0020 0000000000000000 ffffffff 00cf9300 DPL=0 DS   [-WA]
LDT=0000 0000000000000000 0000ffff 00008200 DPL=0 LDT
TR =0000 0000000000000000 0000ffff 00008b00 DPL=0 TSS64-busy
GDT=     0000000000007e03 00000027
IDT=     00000000000174e0 00000fff
CR0=80000011 CR2=0000000000000000 CR3=0000000000009000 CR4=00000020
DR0=0000000000000000 DR1=0000000000000000 DR2=0000000000000000 DR3=0000000000000000 
DR6=00000000ffff0ff0 DR7=0000000000000400
CCS=0000000000000004 CCD=000000000007ffb8 CCO=EFLAGS
EFER=0000000000000500
[35m[DEBUG] Spurious interrupt: vector 109

[0mServicing hardware INT=0x20
    88: v=20 e=0000 i=0 cpl=0 IP=0018:00000000000100a1 pc=00000000000100a1 SP=0020:000000000007ffe0 env->regs[R_EAX]=000000000000006d
RAX=000000000000006d RBX=0000000000000000 RCX=0000000000016a64 RDX=00000000000003f8
RSI=000000000000006d RDI=00000000000003f8 RBP=000000000007fff0 RSP=000000000007ffe0
R8 =0000000000000024 R9 =0000000000016a40 R10=0000000000000004 R11=0000000000001278
R12=0000000000000000 R13=0000000000000000 R14=0000000000000000 R15=00000000000167e8
RIP=00000000000100a1 RFL=00000206 [-----P-] CPL=0 II=0 A20=1 SMM=0 HLT=0
ES =0020 0000000000000000 ffffffff 00cf9300 DPL=0 DS   [-WA]
CS =0018 0000000000000000 ffffffff 00af9a00 DPL=0 CS64 [-R-]
SS =0020 0000000000000000 ffffffff 00cf9300 DPL=0 DS   [-WA]
DS =0020 0000000000000000 ffffffff 00cf9300 DPL=0 DS   [-WA]
FS =0020 0000000000000000 ffffffff 00cf9300 DPL=0 DS   [-WA]
GS =0020 0000000000000000 ffffffff 00cf9300 DPL=0 DS   [-WA]
LDT=0000 0000000000000000 0000ffff 00008200 DPL=0 LDT
TR =0000 0000000000000000 0000ffff 00008b00 DPL=0 TSS64-busy
GDT=     0000000000007e03 00000027
IDT=     00000000000174e0 00000fff
CR0=80000011 CR2=0000000000000000 CR3=0000000000009000 CR4=00000020
DR0=0000000000000000 DR1=0000000000000000 DR2=0000000000000000 DR3=0000000000000000 
DR6=00000000ffff0ff0 DR7=0000000000000400
CCS=0000000000000004 CCD=000000000007ffb8 CCO=EFLAGS
EFER=0000000000000500
[35m[DEBUG] Spurious interrupt: vector 109

[0mServicing hardware INT=0x20
    89: v=20 e=0000 i=0 cpl=0 IP=0018:00000000000100a1 pc=00000000000100a1 SP=0020:000000000007ffe0 env->regs[R_EAX]=000000000000006d
RAX=000000000000006d RBX=0000000000000000 RCX=0000000000016a64 RDX=00000000000003f8
RSI=000000000000006d RDI=00000000000003f8 RBP=000000000007fff0 RSP=000000000007ffe0
R8 =0000000000000024 R9 =0000000000016a40 R10=0000000000000004 R11=0000000000001278
R12=0000000000000000 R13=0000000000000000 R14=0000000000000000 R15=00000000000167e8
RIP=00000000000100a1 RFL=00000206 [-----P-] CPL=0 II=0 A20=1 SMM=0 HLT=0
ES =0020 0000000000000000 ffffffff 00cf9300 DPL=0 DS   [-WA]
CS =0018 0000000000000000 ffffffff 00af9a00 DPL=0 CS64 [-R-]
SS =0020 0000000000000000 ffffffff 00cf9300 DPL=0 DS   [-WA]
DS =0020 0000000000000000 ffffffff 00cf9300 DPL=0 DS   [-WA]
FS =0020 0000000000000000 ffffffff 00cf9300 DPL=0 DS   [-WA]
GS =0020 0000000000000000 ffffffff 00cf9300 DPL=0 DS   [-WA]
LDT=0000 0000000000000000 0000ffff 00008200 DPL=0 LDT
TR =0000 0000000000000000 0000ffff 00008b00 DPL=0 TSS64-busy
GDT=     0000000000007e03 00000027
IDT=     00000000000174e0 00000fff
CR0=80000011 CR2=0000000000000000 CR3=0000000000009000 CR4=00000020
DR0=0000000000000000 DR1=0000000000000000 DR2=0000000000000000 DR3=0000000000000000 
DR6=00000000ffff0ff0 DR7=0000000000000400
CCS=0000000000000004 CCD=000000000007ffb8 CCO=EFLAGS
EFER=0000000000000500
[35m[DEBUG] Spurious interrupt: vector 109

[0mServicing hardware INT=0x20
    90: v=20 e=0000 i=0 cpl=0 IP=0018:00000000000100a1 pc=00000000000100a1 SP=0020:000000000007ffe0 env->regs[R_EAX]=000000000000006d
RAX=000000000000006d RBX=0000000000000000 RCX=0000000000016a64 RDX=00000000000003f8
RSI=000000000000006d RDI=00000000000003f8 RBP=000000000007fff0 RSP=000000000007ffe0
R8 =0000000000000024 R9 =0000000000016a40 R10=0000000000000004 R11=0000000000001278
R12=0000000000000000 R13=0000000000000000 R14=0000000000000000 R15=00000000000167e8
RIP=00000000000100a1 RFL=00000206 [-----P-] CPL=0 II=0 A20=1 SMM=0 HLT=0
ES =0020 0000000000000000 ffffffff 00cf9300 DPL=0 DS   [-WA]
CS =0018 0000000000000000 ffffffff 00af9a00 DPL=0 CS64 [-R-]
SS =0020 0000000000000000 ffffffff 00cf9300 DPL=0 DS   [-WA]
DS =0020 0000000000000000 ffffffff 00cf9300 DPL=0 DS   [-WA]
FS =0020 0000000000000000 ffffffff 00cf9300 DPL=0 DS   [-WA]
GS =0020 0000000000000000 ffffffff 00cf9300 DPL=0 DS   [-WA]
LDT=0000 0000000000000000 0000ffff 00008200 DPL=0 LDT
TR =0000 0000000000000000 0000ffff 00008b00 DPL=0 TSS64-busy
GDT=     0000000000007e03 00000027
IDT=     00000000000174e0 00000fff
CR0=80000011 CR2=0000000000000000 CR3=0000000000009000 CR4=00000020
DR0=0000000000000000 DR1=0000000000000000 DR2=0000000000000000 DR3=0000000000000000 
DR6=00000000ffff0ff0 DR7=0000000000000400
CCS=0000000000000004 CCD=000000000007ffb8 CCO=EFLAGS
EFER=0000000000000500
[35m[DEBUG] Spurious interrupt: vector 109

[0mServicing hardware INT=0x20
    91: v=20 e=0000 i=0 cpl=0 IP=0018:00000000000100a1 pc=00000000000100a1 SP=0020:000000000007ffe0 env->regs[R_EAX]=000000000000006d
RAX=000000000000006d RBX=0000000000000000 RCX=0000000000016a64 RDX=00000000000003f8
RSI=000000000000006d RDI=00000000000003f8 RBP=000000000007fff0 RSP=000000000007ffe0
R8 =0000000000000024 R9 =0000000000016a40 R10=0000000000000004 R11=0000000000001278
R12=0000000000000000 R13=0000000000000000 R14=0000000000000000 R15=00000000000167e8
RIP=00000000000100a1 RFL=00000206 [-----P-] CPL=0 II=0 A20=1 SMM=0 HLT=0
ES =0020 0000000000000000 ffffffff 00cf9300 DPL=0 DS   [-WA]
CS =0018 0000000000000000 ffffffff 00af9a00 DPL=0 CS64 [-R-]
SS =0020 0000000000000000 ffffffff 00cf9300 DPL=0 DS   [-WA]
DS =0020 0000000000000000 ffffffff 00cf9300 DPL=0 DS   [-WA]
FS =0020 0000000000000000 ffffffff 00cf9300 DPL=0 DS   [-WA]
GS =0020 0000000000000000 ffffffff 00cf9300 DPL=0 DS   [-WA]
LDT=0000 0000000000000000 0000ffff 00008200 DPL=0 LDT
TR =0000 0000000000000000 0000ffff 00008b00 DPL=0 TSS64-busy
GDT=     0000000000007e03 00000027
IDT=     00000000000174e0 00000fff
CR0=80000011 CR2=0000000000000000 CR3=0000000000009000 CR4=00000020
DR0=0000000000000000 DR1=0000000000000000 DR2=0000000000000000 DR3=0000000000000000 
DR6=00000000ffff0ff0 DR7=0000000000000400
CCS=0000000000000004 CCD=000000000007ffb8 CCO=EFLAGS
EFER=0000000000000500
[35m[DEBUG] Spurious interrupt: vector 109

[0mServicing hardware INT=0x20
    92: v=20 e=0000 i=0 cpl=0 IP=0018:00000000000100a1 pc=00000000000100a1 SP=0020:000000000007ffe0 env->regs[R_EAX]=000000000000006d
RAX=000000000000006d RBX=0000000000000000 RCX=0000000000016a64 RDX=00000000000003f8
RSI=000000000000006d RDI=00000000000003f8 RBP=000000000007fff0 RSP=000000000007ffe0
R8 =0000000000000024 R9 =0000000000016a40 R10=0000000000000004 R11=0000000000001278
R12=0000000000000000 R13=0000000000000000 R14=0000000000000000 R15=00000000000167e8
RIP=00000000000100a1 RFL=00000206 [-----P-] CPL=0 II=0 A20=1 SMM=0 HLT=0
ES =0020 0000000000000000 ffffffff 00cf9300 DPL=0 DS   [-WA]
CS =0018 0000000000000000 ffffffff 00af9a00 DPL=0 CS64 [-R-]
SS =0020 0000000000000000 ffffffff 00cf9300 DPL=0 DS   [-WA]
DS =0020 0000000000000000 ffffffff 00cf9300 DPL=0 DS   [-WA]
FS =0020 0000000000000000 ffffffff 00cf9300 DPL=0 DS   [-WA]
GS =0020 0000000000000000 ffffffff 00cf9300 DPL=0 DS   [-WA]
LDT=0000 0000000000000000 0000ffff 00008200 DPL=0 LDT
TR =0000 0000000000000000 0000ffff 00008b00 DPL=0 TSS64-busy
GDT=     0000000000007e03 00000027
IDT=     00000000000174e0 00000fff
CR0=80000011 CR2=0000000000000000 CR3=0000000000009000 CR4=00000020
DR0=0000000000000000 DR1=0000000000000000 DR2=0000000000000000 DR3=0000000000000000 
DR6=00000000ffff0ff0 DR7=0000000000000400
CCS=0000000000000004 CCD=000000000007ffb8 CCO=EFLAGS
EFER=0000000000000500
[35m[DEBUG] Spurious interrupt: vector 109

[0mServicing hardware INT=0x20
    93: v=20 e=0000 i=0 cpl=0 IP=0018:00000000000100a1 pc=00000000000100a1 SP=0020:000000000007ffe0 env->regs[R_EAX]=000000000000006d
RAX=000000000000006d RBX=0000000000000000 RCX=0000000000016a64 RDX=00000000000003f8
RSI=000000000000006d RDI=00000000000003f8 RBP=000000000007fff0 RSP=000000000007ffe0
R8 =0000000000000024 R9 =0000000000016a40 R10=0000000000000004 R11=0000000000001278
R12=0000000000000000 R13=0000000000000000 R14=0000000000000000 R15=00000000000167e8
RIP=00000000000100a1 RFL=00000206 [-----P-] CPL=0 II=0 A20=1 SMM=0 HLT=0
ES =0020 0000000000000000 ffffffff 00cf9300 DPL=0 DS   [-WA]
CS =0018 0000000000000000 ffffffff 00af9a00 DPL=0 CS64 [-R-]
SS =0020 0000000000000000 ffffffff 00cf9300 DPL=0 DS   [-WA]
DS =0020 0000000000000000 ffffffff 00cf9300 DPL=0 DS   [-WA]
FS =0020 0000000000000000 ffffffff 00cf9300 DPL=0 DS   [-WA]
GS =0020 0000000000000000 ffffffff 00cf9300 DPL=0 DS   [-WA]
LDT=0000 0000000000000000 0000ffff 00008200 DPL=0 LDT
TR =0000 0000000000000000 0000ffff 00008b00 DPL=0 TSS64-busy
GDT=     0000000000007e03 00000027
IDT=     00000000000174e0 00000fff
CR0=80000011 CR2=0000000000000000 CR3=0000000000009000 CR4=00000020
DR0=0000000000000000 DR1=0000000000000000 DR2=0000000000000000 DR3=0000000000000000 
DR6=00000000ffff0ff0 DR7=0000000000000400
CCS=0000000000000004 CCD=000000000007ffb8 CCO=EFLAGS
EFER=0000000000000500
[35m[DEBUG] Spurious interrupt: vector 109

[0m